Sort Container Key	Parent Container Key	UNIVERSAL ID	DESCRIPTION	COLOR	STYLE	SIZE	Part Number	DEPARTMENT NAME	Gender	Category (Department)	Subclass	Vendor	SCAN QUANTITY	 Unit Retail 	 Ext. Retail 	COGS	Zone
J40708387D72	40700052010	99107513783	RELAXED LEATHER BOMBER JACKE, BR0129, XL	BR0129	NS384	XL	NS384BR0129XL	GOH	Womens	W OUTERWEAR JACKET	W OUTER JCKT LTH NOV	Madewell	1	548	548	$39.55	Zone 1
J40708387D72	40700052010	99107900395	DOUBLE-BREASTED BLAZER IN SUE, BR0129, M	BR0129	NW768	M	NW768BR0129M	GOH	Womens	W OUTERWEAR JACKET	W OUTER JCKT LTH NOV	Madewell	1	548	548	$39.55	Zone 1
J40708387D72	40700052010	99107762926	CROP CARDIGAN JACKET IN SUEDE, BR8712, S	BR8712	NV768	S	NV768BR8712S	GOH	Womens	W OUTERWEAR JACKET	W OUTER JCKT LTH NOV	Madewell	1	498	498	$36.05	Zone 1
J40708387D72	40700052010	99107951640	SUEDE SEAMED CIRCLE MID, WR2453, 6	WR2453	NY240	6	NY240WR24536	GOH	Womens	W SKIRTS	W SKIRT N DENIM MIDI	Madewell	1	458	458	$33.25	Zone 1 Pants
J40708153122	40700051869	99107909434	OFFICER COAT IN ITALIAN MELTO, WZ7496, S	WZ7496	NX972	S	NX972WZ7496S	MASTER/SPECIALTY	Mens	M OUTERWEAR	M OTRWR COAT WOOL	Madewell	1	428	428	$31.15	Zone 2
J4070825E5C4	40700051876	99107909432	OFFICER COAT IN ITALIAN MELTO, WZ7496, M	WZ7496	NX972	M	NX972WZ7496M	MASTER/SPECIALTY	Mens	M OUTERWEAR	M OTRWR COAT WOOL	Madewell	1	428	428	$31.15	Zone 1
J4070825E5C4	40700051876	99107909434	OFFICER COAT IN ITALIAN MELTO, WZ7496, S	WZ7496	NX972	S	NX972WZ7496S	MASTER/SPECIALTY	Mens	M OUTERWEAR	M OTRWR COAT WOOL	Madewell	1	428	428	$31.15	Zone 2
J4070825E5C4	40700051876	99107909435	OFFICER COAT IN ITALIAN MELT, WZ7496, XL	WZ7496	NX972	XL	NX972WZ7496XL	MASTER/SPECIALTY	Mens	M OUTERWEAR	M OTRWR COAT WOOL	Madewell	1	428	428	$31.15	Zone 1
J4070825E5C4	40700051876	99107909436	OFFICER COAT IN ITALIAN MELT, WZ7496, XS	WZ7496	NX972	XS	NX972WZ7496XS	MASTER/SPECIALTY	Mens	M OUTERWEAR	M OTRWR COAT WOOL	Madewell	1	428	428	$31.15	Zone 2
J40708261783	40700051876	99107909436	OFFICER COAT IN ITALIAN MELT, WZ7496, XS	WZ7496	NX972	XS	NX972WZ7496XS	MASTER/SPECIALTY	Mens	M OUTERWEAR	M OTRWR COAT WOOL	Madewell	1	428	428	$31.15	Zone 2
J40708261783	40700051876	99107909432	OFFICER COAT IN ITALIAN MELTO, WZ7496, M	WZ7496	NX972	M	NX972WZ7496M	MASTER/SPECIALTY	Mens	M OUTERWEAR	M OTRWR COAT WOOL	Madewell	2	428	856	$31.15	Zone 1
J40708261783	40700051876	99107909434	OFFICER COAT IN ITALIAN MELTO, WZ7496, S	WZ7496	NX972	S	NX972WZ7496S	MASTER/SPECIALTY	Mens	M OUTERWEAR	M OTRWR COAT WOOL	Madewell	4	428	1712	$31.15	Zone 2
J40708136213	40700052010	99107909435	OFFICER COAT IN ITALIAN MELT, WZ7496, XL	WZ7496	NX972	XL	NX972WZ7496XL	MASTER/SPECIALTY	Mens	M OUTERWEAR	M OTRWR COAT WOOL	Madewell	1	428	428	$31.15	Zone 1
J40708136213	40700052010	99107909436	OFFICER COAT IN ITALIAN MELT, WZ7496, XS	WZ7496	NX972	XS	NX972WZ7496XS	MASTER/SPECIALTY	Mens	M OUTERWEAR	M OTRWR COAT WOOL	Madewell	2	428	856	$31.15	Zone 2
J40708153122	40700051869	99107937662	THE ALONZO COAT, RD0215, XXS	RD0215	NY417	XXS	NY417RD0215XXS	MASTER/SPECIALTY	Womens	W OUTERWEAR JACKET	W OUTER COAT WOOL	Madewell	1	398	398	$29.05	Zone 2
J40708153122	40700051869	99107887036	WOOL-BLEND PATCH PKT TOPCOAT, BK0001, XS	BK0001	CO102	XS	CO102BK0001XS	MASTER/SPECIALTY	Womens	W OUTERWEAR JACKET	W OUTER COAT WOOL	J Crew Factory	1	398	398	$29.05	Zone 2
J40708153122	40700051869	99107937659	THE ALONZO COAT, RD0215, XL	RD0215	NY417	XL	NY417RD0215XL	MASTER/SPECIALTY	Womens	W OUTERWEAR JACKET	W OUTER COAT WOOL	Madewell	1	398	398	$29.05	Zone 1
J40708261783	40700051876	99107937662	THE ALONZO COAT, RD0215, XXS	RD0215	NY417	XXS	NY417RD0215XXS	MASTER/SPECIALTY	Womens	W OUTERWEAR JACKET	W OUTER COAT WOOL	Madewell	1	398	398	$29.05	Zone 2
J40708153122	40700051869	99107937669	THE ALONZO COAT, WR2444, S	WR2444	NY417	S	NY417WR2444S	MASTER/SPECIALTY	Womens	W OUTERWEAR JACKET	W OUTER COAT WOOL	Madewell	1	398	398	$29.05	Zone 1
J40708153122	40700051869	99107879530	LADY DAY COAT - FAUX FU, BK0001, 10	BK0001	CO099	10	CO099BK000110	MASTER/SPECIALTY	Womens	W OUTERWEAR JACKET	W OUTER COAT WOOL	J Crew Factory	2	398	796	$29.05	Zone 2
J40708153122	40700051869	99107937660	THE ALONZO COAT, RD0215, XS	RD0215	NY417	XS	NY417RD0215XS	MASTER/SPECIALTY	Womens	W OUTERWEAR JACKET	W OUTER COAT WOOL	Madewell	3	398	1194	$29.05	Zone 1
J4070825E5C4	40700051876	99107827894	BALMACAAN OVERCOAT IN ITALIA, WZ7443, XL	WZ7443	NW566	XL	NW566WZ7443XL	MASTER/SPECIALTY	Mens	M OUTERWEAR	M OTRWR COAT WOOL	Madewell	1	398	398	$29.05	Zone 1
J4070825E5C4	40700051876	99107879531	LADY DAY COAT - FAUX FU, BK0001, 12	BK0001	CO099	12	CO099BK000112	MASTER/SPECIALTY	Womens	W OUTERWEAR JACKET	W OUTER COAT WOOL	J Crew Factory	1	398	398	$29.05	Zone 2
J4070825E5C4	40700051876	99107879540	LADY DAY COAT - FAUX FU, BK0001, 6	BK0001	CO099	6	CO099BK00016	MASTER/SPECIALTY	Womens	W OUTERWEAR JACKET	W OUTER COAT WOOL	J Crew Factory	1	398	398	$29.05	Zone 2
J4070825E5C4	40700051876	99107887035	WOOL-BLEND PATCH PKT TOPCOAT, BK0001, XL	BK0001	CO102	XL	CO102BK0001XL	MASTER/SPECIALTY	Womens	W OUTERWEAR JACKET	W OUTER COAT WOOL	J Crew Factory	1	398	398	$29.05	Zone 2
J4070825E5C4	40700051876	99107887036	WOOL-BLEND PATCH PKT TOPCOAT, BK0001, XS	BK0001	CO102	XS	CO102BK0001XS	MASTER/SPECIALTY	Womens	W OUTERWEAR JACKET	W OUTER COAT WOOL	J Crew Factory	1	398	398	$29.05	Zone 2
J4070825E5C4	40700051876	99107887063	P WOOL-BLEND PATCH PKT TOPC, BK0001, PXS	BK0001	CO114	PXS	CO114BK0001PXS	MASTER/SPECIALTY	Womens	W OUTERWEAR JACKET	W OUTER COAT WOOL	J Crew Factory	1	398	398	$29.05	Zone 2
J40708261783	40700051876	99107879531	LADY DAY COAT - FAUX FU, BK0001, 12	BK0001	CO099	12	CO099BK000112	MASTER/SPECIALTY	Womens	W OUTERWEAR JACKET	W OUTER COAT WOOL	J Crew Factory	1	398	398	$29.05	Zone 2
J40708261783	40700051876	99107879538	LADY DAY COAT - FAUX FU, BK0001, 24	BK0001	CO099	24	CO099BK000124	MASTER/SPECIALTY	Womens	W OUTERWEAR JACKET	W OUTER COAT WOOL	J Crew Factory	1	398	398	$29.05	Zone 2
J40708261783	40700051876	99107879541	LADY DAY COAT - FAUX FU, BK0001, 8	BK0001	CO099	8	CO099BK00018	MASTER/SPECIALTY	Womens	W OUTERWEAR JACKET	W OUTER COAT WOOL	J Crew Factory	1	398	398	$29.05	Zone 2
J40708261783	40700051876	99107887031	WOOL-BLEND PATCH PKT TOPCOAT, BK0001, 3X	BK0001	CO102	3X	CO102BK00013X	MASTER/SPECIALTY	Womens	W OUTERWEAR JACKET	W OUTER COAT WOOL	J Crew Factory	1	398	398	$29.05	Zone 2
J40708261783	40700051876	99107887033	WOOL-BLEND PATCH PKT TOPCOAT, BK0001, M	BK0001	CO102	M	CO102BK0001M	MASTER/SPECIALTY	Womens	W OUTERWEAR JACKET	W OUTER COAT WOOL	J Crew Factory	1	398	398	$29.05	Zone 2
J40708261783	40700051876	99107937660	THE ALONZO COAT, RD0215, XS	RD0215	NY417	XS	NY417RD0215XS	MASTER/SPECIALTY	Womens	W OUTERWEAR JACKET	W OUTER COAT WOOL	Madewell	1	398	398	$29.05	Zone 1
J4070825E5C4	40700051876	99107887034	WOOL-BLEND PATCH PKT TOPCOAT, BK0001, S	BK0001	CO102	S	CO102BK0001S	MASTER/SPECIALTY	Womens	W OUTERWEAR JACKET	W OUTER COAT WOOL	J Crew Factory	2	398	796	$29.05	Zone 2
J40708136213	40700052010	99107879532	LADY DAY COAT - FAUX FU, BK0001, 14	BK0001	CO099	14	CO099BK000114	MASTER/SPECIALTY	Womens	W OUTERWEAR JACKET	W OUTER COAT WOOL	J Crew Factory	1	398	398	$29.05	Zone 2
J40708136213	40700052010	99107887034	WOOL-BLEND PATCH PKT TOPCOAT, BK0001, S	BK0001	CO102	S	CO102BK0001S	MASTER/SPECIALTY	Womens	W OUTERWEAR JACKET	W OUTER COAT WOOL	J Crew Factory	1	398	398	$29.05	Zone 2
J40708136213	40700052010	99107887036	WOOL-BLEND PATCH PKT TOPCOAT, BK0001, XS	BK0001	CO102	XS	CO102BK0001XS	MASTER/SPECIALTY	Womens	W OUTERWEAR JACKET	W OUTER COAT WOOL	J Crew Factory	1	398	398	$29.05	Zone 2
J40708136213	40700052010	99107937658	THE ALONZO COAT, RD0215, S	RD0215	NY417	S	NY417RD0215S	MASTER/SPECIALTY	Womens	W OUTERWEAR JACKET	W OUTER COAT WOOL	Madewell	1	398	398	$29.05	Zone 1
J4070832722E	40700052010	99107937655	THE ALONZO COAT, RD0215, L	RD0215	NY417	L	NY417RD0215L	MASTER/SPECIALTY	Womens	W OUTERWEAR JACKET	W OUTER COAT WOOL	Madewell	1	398	398	$29.05	Zone 1
J40708330A56	40700052010	99107937656	THE ALONZO COAT, RD0215, M	RD0215	NY417	M	NY417RD0215M	MASTER/SPECIALTY	Womens	W OUTERWEAR JACKET	W OUTER COAT WOOL	Madewell	1	398	398	$29.05	Zone 1
J40708330A56	40700052010	99107937658	THE ALONZO COAT, RD0215, S	RD0215	NY417	S	NY417RD0215S	MASTER/SPECIALTY	Womens	W OUTERWEAR JACKET	W OUTER COAT WOOL	Madewell	1	398	398	$29.05	Zone 1
J40708153122	40700051869	99106682149	LADY DAY COAT.,BK0001,10	BK0001	AT107	10	AT107BK000110	MASTER/SPECIALTY	Womens	W OUTERWEAR JACKET	W OUTER COAT WOOL	J Crew Factory	1	378	378	$27.65	Zone 2
J40708153122	40700051869	99106682158	LADY DAY COAT.,BK0001,4	BK0001	AT107	4	AT107BK00014	MASTER/SPECIALTY	Womens	W OUTERWEAR JACKET	W OUTER COAT WOOL	J Crew Factory	1	378	378	$27.65	Zone 2
J40708153122	40700051869	99106682160	LADY DAY COAT.,BK0001,8	BK0001	AT107	8	AT107BK00018	MASTER/SPECIALTY	Womens	W OUTERWEAR JACKET	W OUTER COAT WOOL	J Crew Factory	1	378	378	$27.65	Zone 2
J40708153122	40700051869	99106682195	P LADY DAY COAT.,BK0001,P10	BK0001	AT468	P10	AT468BK0001P10	MASTER/SPECIALTY	Womens	W OUTERWEAR JACKET	W OUTER COAT WOOL	J Crew Factory	1	378	378	$27.65	Zone 2
J40708153122	40700051869	99106682199	P LADY DAY COAT.,BK0001,P6	BK0001	AT468	P6	AT468BK0001P6	MASTER/SPECIALTY	Womens	W OUTERWEAR JACKET	W OUTER COAT WOOL	J Crew Factory	1	378	378	$27.65	Zone 2
J40708153122	40700051869	99107883371	BELTED WRAP COAT - BRUS, BK0001, 2	BK0001	CO100	2	CO100BK00012	MASTER/SPECIALTY	Womens	W OUTERWEAR JACKET	W OUTER COAT OTHER	J Crew Factory	1	378	378	$27.65	Zone 2
J4070825E5C4	40700051876	99106682151	LADY DAY COAT.,BK0001,14	BK0001	AT107	14	AT107BK000114	MASTER/SPECIALTY	Womens	W OUTERWEAR JACKET	W OUTER COAT WOOL	J Crew	1	378	378	$27.65	Zone 2
J4070825E5C4	40700051876	99106682151	LADY DAY COAT.,BK0001,14	BK0001	AT107	14	AT107BK000114	MASTER/SPECIALTY	Womens	W OUTERWEAR JACKET	W OUTER COAT WOOL	J Crew Factory	1	378	378	$27.65	Zone 2
J4070825E5C4	40700051876	99106682158	LADY DAY COAT.,BK0001,4	BK0001	AT107	4	AT107BK00014	MASTER/SPECIALTY	Womens	W OUTERWEAR JACKET	W OUTER COAT WOOL	J Crew Factory	1	378	378	$27.65	Zone 2
J4070825E5C4	40700051876	99106682159	LADY DAY COAT.,BK0001,6	BK0001	AT107	6	AT107BK00016	MASTER/SPECIALTY	Womens	W OUTERWEAR JACKET	W OUTER COAT WOOL	J Crew Factory	1	378	378	$27.65	Zone 2
J4070825E5C4	40700051876	99106682160	LADY DAY COAT.,BK0001,8	BK0001	AT107	8	AT107BK00018	MASTER/SPECIALTY	Womens	W OUTERWEAR JACKET	W OUTER COAT WOOL	J Crew Factory	1	378	378	$27.65	Zone 2
J4070825E5C4	40700051876	99106682194	P LADY DAY COAT.,BK0001,P00	BK0001	AT468	P00	AT468BK0001P00	MASTER/SPECIALTY	Womens	W OUTERWEAR JACKET	W OUTER COAT WOOL	J Crew Factory	1	378	378	$27.65	Zone 2
J4070825E5C4	40700051876	99106682197	P LADY DAY COAT.,BK0001,P2	BK0001	AT468	P2	AT468BK0001P2	MASTER/SPECIALTY	Womens	W OUTERWEAR JACKET	W OUTER COAT WOOL	J Crew	1	378	378	$27.65	Zone 2
J4070825E5C4	40700051876	99106682198	P LADY DAY COAT.,BK0001,P4	BK0001	AT468	P4	AT468BK0001P4	MASTER/SPECIALTY	Womens	W OUTERWEAR JACKET	W OUTER COAT WOOL	J Crew	1	378	378	$27.65	Zone 2
J4070825E5C4	40700051876	99107781869	LADY DAY COAT..,PK6566,8	PK6566	AT107	8	AT107PK65668	MASTER/SPECIALTY	Womens	W OUTERWEAR JACKET	W OUTER COAT WOOL	J Crew Factory	1	378	378	$27.65	Zone 2
J4070825E5C4	40700051876	99107872955	LADY DAY COAT - JEWELED B,RD6224,4	RD6224	CE149	4	CE149RD62244	MASTER/SPECIALTY	Womens	W OUTERWEAR JACKET	W OUTER COAT WOOL	J Crew Factory	1	378	378	$27.65	Zone 2
J4070825E5C4	40700051876	99107883367	BELTED WRAP COAT - BRUS, BK0001, 12	BK0001	CO100	12	CO100BK000112	MASTER/SPECIALTY	Womens	W OUTERWEAR JACKET	W OUTER COAT OTHER	J Crew Factory	1	378	378	$27.65	Zone 2
J4070825E5C4	40700051876	99107883430	P BELTED WRAP COAT - BR, BK0001, P2	BK0001	CO110	P2	CO110BK0001P2	MASTER/SPECIALTY	Womens	W OUTERWEAR JACKET	W OUTER COAT OTHER	J Crew Factory	1	378	378	$27.65	Zone 2
J40708261783	40700051876	99106682149	LADY DAY COAT.,BK0001,10	BK0001	AT107	10	AT107BK000110	MASTER/SPECIALTY	Womens	W OUTERWEAR JACKET	W OUTER COAT WOOL	J Crew	1	378	378	$27.65	Zone 2
J40708261783	40700051876	99106682150	LADY DAY COAT.,BK0001,12	BK0001	AT107	12	AT107BK000112	MASTER/SPECIALTY	Womens	W OUTERWEAR JACKET	W OUTER COAT WOOL	J Crew Factory	1	378	378	$27.65	Zone 2
J40708261783	40700051876	99106682160	LADY DAY COAT.,BK0001,8	BK0001	AT107	8	AT107BK00018	MASTER/SPECIALTY	Womens	W OUTERWEAR JACKET	W OUTER COAT WOOL	J Crew	1	378	378	$27.65	Zone 2
J40708261783	40700051876	99106682160	LADY DAY COAT.,BK0001,8	BK0001	AT107	8	AT107BK00018	MASTER/SPECIALTY	Womens	W OUTERWEAR JACKET	W OUTER COAT WOOL	J Crew Factory	1	378	378	$27.65	Zone 2
J40708261783	40700051876	99106682195	P LADY DAY COAT.,BK0001,P10	BK0001	AT468	P10	AT468BK0001P10	MASTER/SPECIALTY	Womens	W OUTERWEAR JACKET	W OUTER COAT WOOL	J Crew Factory	1	378	378	$27.65	Zone 2
J40708261783	40700051876	99106682198	P LADY DAY COAT.,BK0001,P4	BK0001	AT468	P4	AT468BK0001P4	MASTER/SPECIALTY	Womens	W OUTERWEAR JACKET	W OUTER COAT WOOL	J Crew	1	378	378	$27.65	Zone 2
J4070825E5C4	40700051876	99106682149	LADY DAY COAT.,BK0001,10	BK0001	AT107	10	AT107BK000110	MASTER/SPECIALTY	Womens	W OUTERWEAR JACKET	W OUTER COAT WOOL	J Crew Factory	2	378	756	$27.65	Zone 2
J4070825E5C4	40700051876	99106682150	LADY DAY COAT.,BK0001,12	BK0001	AT107	12	AT107BK000112	MASTER/SPECIALTY	Womens	W OUTERWEAR JACKET	W OUTER COAT WOOL	J Crew Factory	2	378	756	$27.65	Zone 2
J4070825E5C4	40700051876	99106682154	LADY DAY COAT.,BK0001,2	BK0001	AT107	2	AT107BK00012	MASTER/SPECIALTY	Womens	W OUTERWEAR JACKET	W OUTER COAT WOOL	J Crew Factory	2	378	756	$27.65	Zone 2
J4070825E5C4	40700051876	99106682195	P LADY DAY COAT.,BK0001,P10	BK0001	AT468	P10	AT468BK0001P10	MASTER/SPECIALTY	Womens	W OUTERWEAR JACKET	W OUTER COAT WOOL	J Crew	2	378	756	$27.65	Zone 2
J40708261783	40700051876	99106682150	LADY DAY COAT.,BK0001,12	BK0001	AT107	12	AT107BK000112	MASTER/SPECIALTY	Womens	W OUTERWEAR JACKET	W OUTER COAT WOOL	J Crew	2	378	756	$27.65	Zone 2
J40708261783	40700051876	99106682158	LADY DAY COAT.,BK0001,4	BK0001	AT107	4	AT107BK00014	MASTER/SPECIALTY	Womens	W OUTERWEAR JACKET	W OUTER COAT WOOL	J Crew Factory	4	378	1512	$27.65	Zone 2
J40708136213	40700052010	99106682147	LADY DAY COAT.,BK0001,0	BK0001	AT107	0	AT107BK00010	MASTER/SPECIALTY	Womens	W OUTERWEAR JACKET	W OUTER COAT WOOL	J Crew Factory	1	378	378	$27.65	Zone 2
J40708136213	40700052010	99106682158	LADY DAY COAT.,BK0001,4	BK0001	AT107	4	AT107BK00014	MASTER/SPECIALTY	Womens	W OUTERWEAR JACKET	W OUTER COAT WOOL	J Crew Factory	1	378	378	$27.65	Zone 2
J40708136213	40700052010	99107883366	BELTED WRAP COAT - BRUS, BK0001, 10	BK0001	CO100	10	CO100BK000110	MASTER/SPECIALTY	Womens	W OUTERWEAR JACKET	W OUTER COAT OTHER	J Crew Factory	1	378	378	$27.65	Zone 2
J40708136213	40700052010	99107883375	BELTED WRAP COAT - BRUS, BK0001, 4	BK0001	CO100	4	CO100BK00014	MASTER/SPECIALTY	Womens	W OUTERWEAR JACKET	W OUTER COAT OTHER	J Crew Factory	1	378	378	$27.65	Zone 2
J40708136213	40700052010	99107937780	WOOL BLEND JUMPSUIT, BK0070, 0	BK0070	NY880	0	NY880BK00700	MASTER/SPECIALTY	Womens	W DRESSES	W DRESS WVN JUMPSUIT	Madewell	1	378	378	$27.65	Zone 1
J4070832722E	40700052010	99106682198	P LADY DAY COAT.,BK0001,P4	BK0001	AT468	P4	AT468BK0001P4	MASTER/SPECIALTY	Womens	W OUTERWEAR JACKET	W OUTER COAT WOOL	J Crew Factory	1	378	378	$27.65	Zone 2
J40708330A56	40700052010	99107883370	BELTED WRAP COAT - BRUS, BK0001, 18	BK0001	CO100	18	CO100BK000118	MASTER/SPECIALTY	Womens	W OUTERWEAR JACKET	W OUTER COAT OTHER	J Crew Factory	1	378	378	$27.65	Zone 2
J40708330A56	40700052010	99107883376	BELTED WRAP COAT - BRUS, BK0001, 6	BK0001	CO100	6	CO100BK00016	MASTER/SPECIALTY	Womens	W OUTERWEAR JACKET	W OUTER COAT OTHER	J Crew Factory	1	378	378	$27.65	Zone 2
J40708261783	40700051876	99106682155	LADY DAY COAT.,BK0001,20	BK0001	AT107	20	AT107BK000120	MASTER/SPECIALTY	Womens	W OUTERWEAR JACKET	W OUTER COAT WOOL	J Crew	1	378	378	$27.65	Zone 2
J40708153122	40700051869	99107879756	DOUBLE-FACED BRUSHED LONG C, BK0070, XXS	BK0070	NW773	XXS	NW773BK0070XXS	MASTER/SPECIALTY	Womens	W OUTERWEAR JACKET	W OUTER COAT WOOL	Madewell	1	368	368	$26.95	Zone 2
J4070825E5C4	40700051876	99107879756	DOUBLE-FACED BRUSHED LONG C, BK0070, XXS	BK0070	NW773	XXS	NW773BK0070XXS	MASTER/SPECIALTY	Womens	W OUTERWEAR JACKET	W OUTER COAT WOOL	Madewell	1	368	368	$26.95	Zone 2
J40708153122	40700051869	99107879750	DOUBLE-FACED BRUSHED LONG COA, BK0070, L	BK0070	NW773	L	NW773BK0070L	MASTER/SPECIALTY	Womens	W OUTERWEAR JACKET	W OUTER COAT WOOL	Madewell	1	368	368	$26.95	Zone 1
J40708153122	40700051869	99107879751	DOUBLE-FACED BRUSHED LONG COA, BK0070, M	BK0070	NW773	M	NW773BK0070M	MASTER/SPECIALTY	Womens	W OUTERWEAR JACKET	W OUTER COAT WOOL	Madewell	1	368	368	$26.95	Zone 1
J40708136213	40700052010	99107879756	DOUBLE-FACED BRUSHED LONG C, BK0070, XXS	BK0070	NW773	XXS	NW773BK0070XXS	MASTER/SPECIALTY	Womens	W OUTERWEAR JACKET	W OUTER COAT WOOL	Madewell	1	368	368	$26.95	Zone 2
J40708153122	40700051869	99107879753	DOUBLE-FACED BRUSHED LONG CO, BK0070, XL	BK0070	NW773	XL	NW773BK0070XL	MASTER/SPECIALTY	Womens	W OUTERWEAR JACKET	W OUTER COAT WOOL	Madewell	2	368	736	$26.95	Zone 1
J40708153122	40700051869	99107879752	DOUBLE-FACED BRUSHED LONG COA, BK0070, S	BK0070	NW773	S	NW773BK0070S	MASTER/SPECIALTY	Womens	W OUTERWEAR JACKET	W OUTER COAT WOOL	Madewell	3	368	1104	$26.95	Zone 1
J4070825E5C4	40700051876	99107879750	DOUBLE-FACED BRUSHED LONG COA, BK0070, L	BK0070	NW773	L	NW773BK0070L	MASTER/SPECIALTY	Womens	W OUTERWEAR JACKET	W OUTER COAT WOOL	Madewell	1	368	368	$26.95	Zone 1
J4070825E5C4	40700051876	99107879767	DOUBLE-FACED BRUSHED LONG CO, WR2255, XL	WR2255	NW773	XL	NW773WR2255XL	MASTER/SPECIALTY	Womens	W OUTERWEAR JACKET	W OUTER COAT WOOL	Madewell	1	368	368	$26.95	Zone 1
J40708261783	40700051876	99107879751	DOUBLE-FACED BRUSHED LONG COA, BK0070, M	BK0070	NW773	M	NW773BK0070M	MASTER/SPECIALTY	Womens	W OUTERWEAR JACKET	W OUTER COAT WOOL	Madewell	1	368	368	$26.95	Zone 1
J40708261783	40700051876	99107879754	DOUBLE-FACED BRUSHED LONG CO, BK0070, XS	BK0070	NW773	XS	NW773BK0070XS	MASTER/SPECIALTY	Womens	W OUTERWEAR JACKET	W OUTER COAT WOOL	Madewell	1	368	368	$26.95	Zone 1
J4070825E5C4	40700051876	99107879753	DOUBLE-FACED BRUSHED LONG CO, BK0070, XL	BK0070	NW773	XL	NW773BK0070XL	MASTER/SPECIALTY	Womens	W OUTERWEAR JACKET	W OUTER COAT WOOL	Madewell	2	368	736	$26.95	Zone 1
J4070825E5C4	40700051876	99107879754	DOUBLE-FACED BRUSHED LONG CO, BK0070, XS	BK0070	NW773	XS	NW773BK0070XS	MASTER/SPECIALTY	Womens	W OUTERWEAR JACKET	W OUTER COAT WOOL	Madewell	2	368	736	$26.95	Zone 1
J40708261783	40700051876	99107879750	DOUBLE-FACED BRUSHED LONG COA, BK0070, L	BK0070	NW773	L	NW773BK0070L	MASTER/SPECIALTY	Womens	W OUTERWEAR JACKET	W OUTER COAT WOOL	Madewell	2	368	736	$26.95	Zone 1
J40708261783	40700051876	99107879752	DOUBLE-FACED BRUSHED LONG COA, BK0070, S	BK0070	NW773	S	NW773BK0070S	MASTER/SPECIALTY	Womens	W OUTERWEAR JACKET	W OUTER COAT WOOL	Madewell	2	368	736	$26.95	Zone 1
J4070825E5C4	40700051876	99107879751	DOUBLE-FACED BRUSHED LONG COA, BK0070, M	BK0070	NW773	M	NW773BK0070M	MASTER/SPECIALTY	Womens	W OUTERWEAR JACKET	W OUTER COAT WOOL	Madewell	3	368	1104	$26.95	Zone 1
J4070825E5C4	40700051876	99107879752	DOUBLE-FACED BRUSHED LONG COA, BK0070, S	BK0070	NW773	S	NW773BK0070S	MASTER/SPECIALTY	Womens	W OUTERWEAR JACKET	W OUTER COAT WOOL	Madewell	4	368	1472	$26.95	Zone 1
J40708136213	40700052010	99107879750	DOUBLE-FACED BRUSHED LONG COA, BK0070, L	BK0070	NW773	L	NW773BK0070L	MASTER/SPECIALTY	Womens	W OUTERWEAR JACKET	W OUTER COAT WOOL	Madewell	1	368	368	$26.95	Zone 1
J40708136213	40700052010	99107879754	DOUBLE-FACED BRUSHED LONG CO, BK0070, XS	BK0070	NW773	XS	NW773BK0070XS	MASTER/SPECIALTY	Womens	W OUTERWEAR JACKET	W OUTER COAT WOOL	Madewell	1	368	368	$26.95	Zone 1
J4070832722E	40700052010	99107879751	DOUBLE-FACED BRUSHED LONG COA, BK0070, M	BK0070	NW773	M	NW773BK0070M	MASTER/SPECIALTY	Womens	W OUTERWEAR JACKET	W OUTER COAT WOOL	Madewell	1	368	368	$26.95	Zone 1
J4070832722E	40700052010	99107879752	DOUBLE-FACED BRUSHED LONG COA, BK0070, S	BK0070	NW773	S	NW773BK0070S	MASTER/SPECIALTY	Womens	W OUTERWEAR JACKET	W OUTER COAT WOOL	Madewell	1	368	368	$26.95	Zone 1
J4070832722E	40700052010	99107879753	DOUBLE-FACED BRUSHED LONG CO, BK0070, XL	BK0070	NW773	XL	NW773BK0070XL	MASTER/SPECIALTY	Womens	W OUTERWEAR JACKET	W OUTER COAT WOOL	Madewell	1	368	368	$26.95	Zone 1
J40708136213	40700052010	99107879752	DOUBLE-FACED BRUSHED LONG COA, BK0070, S	BK0070	NW773	S	NW773BK0070S	MASTER/SPECIALTY	Womens	W OUTERWEAR JACKET	W OUTER COAT WOOL	Madewell	2	368	736	$26.95	Zone 1
J40708153122	40700051869	99107157292	NEW CITY COAT, BK0001, 10	BK0001	BU261	10	BU261BK000110	MASTER/SPECIALTY	Womens	W OUTERWEAR JACKET	W OUTER COAT WOOL	J Crew Factory	1	358	358	$26.25	Zone 2
J40708153122	40700051869	99107157295	NEW CITY COAT, BK0001, 16	BK0001	BU261	16	BU261BK000116	MASTER/SPECIALTY	Womens	W OUTERWEAR JACKET	W OUTER COAT WOOL	J Crew Factory	1	358	358	$26.25	Zone 2
J40708153122	40700051869	99107157302	NEW CITY COAT, BK0001, 6	BK0001	BU261	6	BU261BK00016	MASTER/SPECIALTY	Womens	W OUTERWEAR JACKET	W OUTER COAT WOOL	J Crew Factory	1	358	358	$26.25	Zone 2
J40708153122	40700051869	99107157466	P CITY COAT, BK0001, P8	BK0001	BU264	P8	BU264BK0001P8	MASTER/SPECIALTY	Womens	W OUTERWEAR JACKET	W OUTER COAT WOOL	J Crew Factory	1	358	358	$26.25	Zone 2
J40708153122	40700051869	99107782012	NEW CITY COAT,BL8133,10	BL8133	BU261	10	BU261BL813310	MASTER/SPECIALTY	Womens	W OUTERWEAR JACKET	W OUTER COAT WOOL	J Crew Factory	1	358	358	$26.25	Zone 2
J4070825E5C4	40700051876	99107157291	NEW CITY COAT, BK0001, 00	BK0001	BU261	0	BU261BK000100	MASTER/SPECIALTY	Womens	W OUTERWEAR JACKET	W OUTER COAT WOOL	J Crew Factory	1	358	358	$26.25	Zone 2
J4070825E5C4	40700051876	99107157293	NEW CITY COAT, BK0001, 12	BK0001	BU261	12	BU261BK000112	MASTER/SPECIALTY	Womens	W OUTERWEAR JACKET	W OUTER COAT WOOL	J Crew	1	358	358	$26.25	Zone 2
J4070825E5C4	40700051876	99107157296	NEW CITY COAT, BK0001, 18	BK0001	BU261	18	BU261BK000118	MASTER/SPECIALTY	Womens	W OUTERWEAR JACKET	W OUTER COAT WOOL	J Crew Factory	1	358	358	$26.25	Zone 2
J4070825E5C4	40700051876	99107157301	NEW CITY COAT, BK0001, 4	BK0001	BU261	4	BU261BK00014	MASTER/SPECIALTY	Womens	W OUTERWEAR JACKET	W OUTER COAT WOOL	J Crew	1	358	358	$26.25	Zone 2
J4070825E5C4	40700051876	99107157301	NEW CITY COAT, BK0001, 4	BK0001	BU261	4	BU261BK00014	MASTER/SPECIALTY	Womens	W OUTERWEAR JACKET	W OUTER COAT WOOL	J Crew Factory	1	358	358	$26.25	Zone 2
J4070825E5C4	40700051876	99107157303	NEW CITY COAT, BK0001, 8	BK0001	BU261	8	BU261BK00018	MASTER/SPECIALTY	Womens	W OUTERWEAR JACKET	W OUTER COAT WOOL	J Crew Factory	1	358	358	$26.25	Zone 2
J4070825E5C4	40700051876	99107157462	P CITY COAT, BK0001, P12	BK0001	BU264	P12	BU264BK0001P12	MASTER/SPECIALTY	Womens	W OUTERWEAR JACKET	W OUTER COAT WOOL	J Crew Factory	1	358	358	$26.25	Zone 2
J4070825E5C4	40700051876	99107429195	NEW CITY COAT,BR6527,6	BR6527	BU261	6	BU261BR65276	MASTER/SPECIALTY	Womens	W OUTERWEAR JACKET	W OUTER COAT WOOL	J Crew Factory	1	358	358	$26.25	Zone 2
J4070825E5C4	40700051876	99107782012	NEW CITY COAT,BL8133,10	BL8133	BU261	10	BU261BL813310	MASTER/SPECIALTY	Womens	W OUTERWEAR JACKET	W OUTER COAT WOOL	J Crew Factory	1	358	358	$26.25	Zone 2
J4070825E5C4	40700051876	99107782016	NEW CITY COAT,BL8133,18	BL8133	BU261	18	BU261BL813318	MASTER/SPECIALTY	Womens	W OUTERWEAR JACKET	W OUTER COAT WOOL	J Crew Factory	1	358	358	$26.25	Zone 2
J4070825E5C4	40700051876	99107782017	NEW CITY COAT,BL8133,2	BL8133	BU261	2	BU261BL81332	MASTER/SPECIALTY	Womens	W OUTERWEAR JACKET	W OUTER COAT WOOL	J Crew Factory	1	358	358	$26.25	Zone 2
J4070825E5C4	40700051876	99107788950	P CITY COAT, BL8133, P4	BL8133	BU264	P4	BU264BL8133P4	MASTER/SPECIALTY	Womens	W OUTERWEAR JACKET	W OUTER COAT WOOL	J Crew Factory	1	358	358	$26.25	Zone 2
J40708261783	40700051876	99107157342	NEW CITY COAT, GY6762, 2	GY6762	BU261	2	BU261GY67622	MASTER/SPECIALTY	Womens	W OUTERWEAR JACKET	W OUTER COAT WOOL	J Crew Factory	1	358	358	$26.25	Zone 2
J40708261783	40700051876	99107157461	P CITY COAT, BK0001, P10	BK0001	BU264	P10	BU264BK0001P10	MASTER/SPECIALTY	Womens	W OUTERWEAR JACKET	W OUTER COAT WOOL	J Crew	1	358	358	$26.25	Zone 2
J40708261783	40700051876	99107157463	P CITY COAT, BK0001, P2	BK0001	BU264	P2	BU264BK0001P2	MASTER/SPECIALTY	Womens	W OUTERWEAR JACKET	W OUTER COAT WOOL	J Crew Factory	1	358	358	$26.25	Zone 2
J40708136213	40700052010	99107788948	P CITY COAT, BL8133, P12	BL8133	BU264	P12	BU264BL8133P12	MASTER/SPECIALTY	Womens	W OUTERWEAR JACKET	W OUTER COAT WOOL	J Crew Factory	1	358	358	$26.25	Zone 2
J4070832722E	40700052010	99107157295	NEW CITY COAT, BK0001, 16	BK0001	BU261	16	BU261BK000116	MASTER/SPECIALTY	Womens	W OUTERWEAR JACKET	W OUTER COAT WOOL	J Crew Factory	1	358	358	$26.25	Zone 2
J4070832722E	40700052010	99107157460	P CITY COAT, BK0001, P00	BK0001	BU264	P00	BU264BK0001P00	MASTER/SPECIALTY	Womens	W OUTERWEAR JACKET	W OUTER COAT WOOL	J Crew Factory	1	358	358	$26.25	Zone 2
J40708330A56	40700052010	99107157463	P CITY COAT, BK0001, P2	BK0001	BU264	P2	BU264BK0001P2	MASTER/SPECIALTY	Womens	W OUTERWEAR JACKET	W OUTER COAT WOOL	J Crew Factory	1	358	358	$26.25	Zone 2
J40708261783	40700051876	99107157460	P CITY COAT, BK0001, P00	BK0001	BU264	P00	BU264BK0001P00	MASTER/SPECIALTY	Womens	W OUTERWEAR JACKET	W OUTER COAT WOOL	J Crew	1	358	358	$26.25	Zone 2
J40708261783	40700051876	99107157295	NEW CITY COAT, BK0001, 16	BK0001	BU261	16	BU261BK000116	MASTER/SPECIALTY	Womens	W OUTERWEAR JACKET	W OUTER COAT WOOL	J Crew	1	358	358	$26.25	Zone 2
J40708153122	40700051869	99107784449	WAXED COTTON JACKET, BK0001, XXL	BK0001	CM499	XXL	CM499BK0001XXL	MASTER/SPECIALTY	Mens	M OUTERWEAR	M OTRWR JACKET OTHER	J Crew Factory	1	298	298	$22.05	Zone 1
J4070825E5C4	40700051876	99107781975	P SWINGY WOOL COAT, BL8133, PM	BL8133	CM070	PM	CM070BL8133PM	MASTER/SPECIALTY	Womens	W OUTERWEAR JACKET	W OUTER COAT WOOL	J Crew Factory	1	298	298	$22.05	Zone 1
J4070825E5C4	40700051876	99107781976	P SWINGY WOOL COAT, BL8133, PS	BL8133	CM070	PS	CM070BL8133PS	MASTER/SPECIALTY	Womens	W OUTERWEAR JACKET	W OUTER COAT WOOL	J Crew Factory	1	298	298	$22.05	Zone 1
J4070825E5C4	40700051876	99107784444	WAXED COTTON JACKET, BK0001, M	BK0001	CM499	M	CM499BK0001M	MASTER/SPECIALTY	Mens	M OUTERWEAR	M OTRWR JACKET OTHER	J Crew Factory	1	298	298	$22.05	Zone 1
J40708261783	40700051876	99107661505	SINGLE-BREASTED TRENCH COAT, NA0285, S	NA0285	NU286	S	NU286NA0285S	MASTER/SPECIALTY	Womens	W OUTERWEAR JACKET	W OUTER JACKET OTHER	Madewell	1	298	298	$22.05	Zone 1
J40708261783	40700051876	99107784451	WAXED COTTON JACKET, GR8249, M	GR8249	CM499	M	CM499GR8249M	MASTER/SPECIALTY	Mens	M OUTERWEAR	M OTRWR JACKET OTHER	J Crew Factory	1	298	298	$22.05	Zone 1
J40708136213	40700052010	99107781904	SWINGY WOOL COAT, BL8133, L	BL8133	CL235	L	CL235BL8133L	MASTER/SPECIALTY	Womens	W OUTERWEAR JACKET	W OUTER COAT WOOL	J Crew Factory	1	298	298	$22.05	Zone 1
J40708136213	40700052010	99107784451	WAXED COTTON JACKET, GR8249, M	GR8249	CM499	M	CM499GR8249M	MASTER/SPECIALTY	Mens	M OUTERWEAR	M OTRWR JACKET OTHER	J Crew Factory	1	298	298	$22.05	Zone 1
J40708136213	40700052010	99107876239	VELVET SCHOOLBOY BLAZER, GR6247, 10	GR6247	CO106	10	CO106GR624710	MASTER/SPECIALTY	Womens	W OUTERWEAR JACKET	W OUTER BLAZER NOV	J Crew Factory	1	298	298	$22.05	Zone 1
J40708136213	40700052010	99107876277	VELVET SCHOOLBOY BLAZER, RD6510, 24	RD6510	CO106	24	CO106RD651024	MASTER/SPECIALTY	Womens	W OUTERWEAR JACKET	W OUTER BLAZER NOV	J Crew Factory	1	298	298	$22.05	Zone 2
J4070825E5C4	40700051876	99107951206	PEAK-LAPEL DOUBLE-BREASTED BL, WR2082, M	WR2082	NY416	M	NY416WR2082M	MASTER/SPECIALTY	Womens	W OUTERWEAR JACKET	W OUTER BLAZER NOV	Madewell	1	278	278	$20.65	Zone 1
J40708136213	40700052010	99107951210	PEAK-LAPEL DOUBLE-BREASTED, WR2082, XXL	WR2082	NY416	XXL	NY416WR2082XXL	MASTER/SPECIALTY	Womens	W OUTERWEAR JACKET	W OUTER BLAZER NOV	Madewell	1	278	278	$20.65	Zone 1
J4070825E5C4	40700051876	99106272623	CSCHOOLBOY BLAZER.., BL8133, 2	BL8133	AZ565	2	AZ565BL81332	MASTER/SPECIALTY	Womens	W OUTERWEAR JACKET	W OUTER BLAZER SOLID	J Crew	1	258	258	$19.25	Zone 1
J4070825E5C4	40700051876	99106272626	CSCHOOLBOY BLAZER.., BL8133, 24	BL8133	AZ565	24	AZ565BL813324	MASTER/SPECIALTY	Womens	W OUTERWEAR JACKET	W OUTER BLAZER SOLID	J Crew Factory	1	258	258	$19.25	Zone 2
J4070825E5C4	40700051876	99107944988	THE MERCER RELAXED BLAZER IN, WR2451, S	WR2451	NY410	S	NY410WR2451S	MASTER/SPECIALTY	Womens	W OUTERWEAR JACKET	W OUTER BLAZER NOV	Madewell	1	258	258	$19.25	Zone 1
J40708136213	40700052010	99106272635	CSCHOOLBOY BLAZER.., NA6407, 14	NA6407	AZ565	14	AZ565NA640714	MASTER/SPECIALTY	Womens	W OUTERWEAR JACKET	W OUTER BLAZER SOLID	J Crew Factory	1	258	258	$19.25	Zone 1
J40708136213	40700052010	99107862756	LG BELTED STACHEL: SMITH, BR6209, ONE S	BR6209	NW379	ONE S	NW379BR6209ONE S	MASTER/SPECIALTY	Womens	W BAGS	W SHOULDER LTHR	Madewell	1	258	258	$19.25	Zone 1
J40708136213	40700052010	99107929876	THE MERCER RELAXED BLAZER IN, WR2251, XS	WR2251	NY406	XS	NY406WR2251XS	MASTER/SPECIALTY	Womens	W OUTERWEAR JACKET	W OUTER BLAZER NOV	Madewell	1	258	258	$19.25	Zone 1
J40708136213	40700052010	99107944990	THE MERCER RELAXED BLAZER IN, WR2451, XS	WR2451	NY410	XS	NY410WR2451XS	MASTER/SPECIALTY	Womens	W OUTERWEAR JACKET	W OUTER BLAZER NOV	Madewell	1	258	258	$19.25	Zone 1
J40708330A56	40700052010	99107862761	SUEDE LG BELTED SATCHEL, BR0129, ONE S	BR0129	NW380	ONE S	NW380BR0129ONE S	MASTER/SPECIALTY	Womens	W BAGS	W SHOULDER LTHR	Madewell	1	258	258	$19.25	Zone 1
J40708136213	40700052010	99107933934	FAUX-FUR SHAWL-COLLAR COAT, WR2123, XXS	WR2123	NY412	XXS	NY412WR2123XXS	MASTER/SPECIALTY	Womens	W OUTERWEAR JACKET	W OUTER COAT OTHER	Madewell	1	248	248	$18.55	Zone 2
J40708153122	40700051869	99107933932	FAUX-FUR SHAWL-COLLAR COAT, WR2123, XS	WR2123	NY412	XS	NY412WR2123XS	MASTER/SPECIALTY	Womens	W OUTERWEAR JACKET	W OUTER COAT OTHER	Madewell	1	248	248	$18.55	Zone 1
J40708261783	40700051876	99107862392	SUEDE DRAWSTRING SHOULD, BR0129, ONE S	BR0129	NW363	ONE S	NW363BR0129ONE S	MASTER/SPECIALTY	Womens	W BAGS	W SHOULDER LTHR	Madewell	1	248	248	$18.55	Zone 1
J40708136213	40700052010	99107844688	DOUBLE-FACED CROPPED CHORE J, WR1958, XL	WR1958	NW763	XL	NW763WR1958XL	MASTER/SPECIALTY	Womens	W OUTERWEAR JACKET	W OUTER JACKET OTHER	Madewell	1	248	248	$18.55	Zone 1
J4070832722E	40700052010	99107947353	EMBELLISHED TWEED TANK TOP, WZ8061, 00	WZ8061	CQ189	0	CQ189WZ806100	MASTER/SPECIALTY	Womens	W SHIRTS	W SHIRTS TOPS SL	J Crew	1	248	248	$18.55	Zone 1
J40708153122	40700051869	99107430582	P TWO BUTTON COTTON BLAZE,RD6224,P10	RD6224	BP097	P10	BP097RD6224P10	MASTER/SPECIALTY	Womens	W OUTERWEAR JACKET	W OUTER BLAZER SOLID	J Crew Factory	1	238	238	$17.85	Zone 1
J407080A8FFE	40700051869	99107820673	ESSENTIALS CURVE SHOULD, EE8379, ONE S	EE8379	NW351	ONE S	NW351EE8379ONE S	MASTER/SPECIALTY	Womens	W BAGS	W CROSSBODY LTHR	Madewell	1	228	228	$17.15	Zone 1
J4070825E5C4	40700051876	99107820838	SUEDE SLOUCHY SHOULDER, BL9072, ONE S	BL9072	NW350	ONE S	NW350BL9072ONE S	MASTER/SPECIALTY	Womens	W BAGS	W BAG SHOULDER	Madewell	1	228	228	$17.15	Zone 1
J4070825E5C4	40700051876	99107934230	THE NOLITA CUTAWAY BLAZER, WR2231, 2	WR2231	NY408	2	NY408WR22312	MASTER/SPECIALTY	Womens	W OUTERWEAR JACKET	W OUTER BLAZER SOLID	Madewell	1	228	228	$17.15	Zone 1
J40708261783	40700051876	99107934230	THE NOLITA CUTAWAY BLAZER, WR2231, 2	WR2231	NY408	2	NY408WR22312	MASTER/SPECIALTY	Womens	W OUTERWEAR JACKET	W OUTER BLAZER SOLID	Madewell	1	228	228	$17.15	Zone 1
J40708261783	40700051876	99107934233	THE NOLITA CUTAWAY BLAZER, WR2231, 8	WR2231	NY408	8	NY408WR22318	MASTER/SPECIALTY	Womens	W OUTERWEAR JACKET	W OUTER BLAZER SOLID	Madewell	1	228	228	$17.15	Zone 1
J40708136213	40700052010	99107934232	THE NOLITA CUTAWAY BLAZER, WR2231, 6	WR2231	NY408	6	NY408WR22316	MASTER/SPECIALTY	Womens	W OUTERWEAR JACKET	W OUTER BLAZER SOLID	Madewell	1	228	228	$17.15	Zone 1
J40707EBBE22	40700051869	99107833990	WAXED ZIP-FRONT JACKET, BR8786, L	BR8786	NW759	L	NW759BR8786L	FLAT	Womens	W OUTERWEAR JACKET	W OUTER JCKT CHORE	Madewell	2	218	436	$14.27	Zone 1
J4070825E5C4	40700051876	99107948490	SUEDE LG STUD SATCHEL, BR6311, ONE S	BR6311	NY174	ONE S	NY174BR6311ONE S	MASTER/SPECIALTY	Womens	W BAGS	W SHOULDER LTHR	Madewell	1	218	218	$16.45	Zone 1
J40707EBBE22	40700051869	99107596707	FOUR SEASON THOMPSON PA, WZ5541, 32/30	WZ5541	CG212	32/30	CG212WZ554132/30	FLAT	Mens	M PANTS	M PNT OTHER FASHION	J Crew Factory	1	198	198	$13.07	Zone 2 Pants
J40708153122	40700051869	99106898520	ONE BUTTON LINEN BLAZER.,BK0001,20	BK0001	AL222	20	AL222BK000120	MASTER/SPECIALTY	Womens	W OUTERWEAR JACKET	W OUTER BLAZER SOLID	J Crew Factory	1	198	198	$15.05	Zone 2
J40708153122	40700051869	99107160544	ESSENTIALS BUCKET TOTE.., BK5229, ONE S	BK5229	NN396	ONE S	NN396BK5229ONE S	MASTER/SPECIALTY	Womens	W BAGS	W TOTE LTHR	Madewell	1	198	198	$15.05	Zone 1
J40708153122	40700051869	99107517169	SUEDE SOFT GRAIN SHOPPER., BR0129, ONE S	BR0129	NR388	ONE S	NR388BR0129ONE S	MASTER/SPECIALTY	Womens	W BAGS	W TOTE LTHR	Madewell	1	198	198	$15.05	Zone 1
J40708153122	40700051869	99107820835	SUEDE SLOUCHY SHOULDER, RD0146, ONE S	RD0146	NW348	ONE S	NW348RD0146ONE S	MASTER/SPECIALTY	Womens	W BAGS	W BAG SHOULDER	Madewell	1	198	198	$15.05	Zone 1
J4070825E5C4	40700051876	99107160544	ESSENTIALS BUCKET TOTE.., BK5229, ONE S	BK5229	NN396	ONE S	NN396BK5229ONE S	MASTER/SPECIALTY	Womens	W BAGS	W TOTE LTHR	Madewell	1	198	198	$15.05	Zone 1
J4070825E5C4	40700051876	99107927286	SUEDE SOFT GRAIN SHOPPER., RD0211, ONE S	RD0211	NR388	ONE S	NR388RD0211ONE S	MASTER/SPECIALTY	Womens	W BAGS	W TOTE LTHR	Madewell	1	198	198	$15.05	Zone 1
J40708261783	40700051876	99107160544	ESSENTIALS BUCKET TOTE.., BK5229, ONE S	BK5229	NN396	ONE S	NN396BK5229ONE S	MASTER/SPECIALTY	Womens	W BAGS	W TOTE LTHR	Madewell	1	198	198	$15.05	Zone 1
J40708261783	40700051876	99107160546	ESSENTIALS BUCKET TOTE.., BR6399, ONE S	BR6399	NN396	ONE S	NN396BR6399ONE S	MASTER/SPECIALTY	Womens	W BAGS	W TOTE LTHR	Madewell	1	198	198	$15.05	Zone 1
J40708261783	40700051876	99107454080	SUEDE ESSENTIALS BUCKET T,BR0129,ONE S	BR0129	NM988	ONE S	NM988BR0129ONE S	MASTER/SPECIALTY	Womens	W BAGS	W TOTE LTHR	Madewell	1	198	198	$15.05	Zone 1
J40708261783	40700051876	99107454380	THE ESSENTIAL BUCKET TOTE, BR5964, ONE S	BR5964	NR385	ONE S	NR385BR5964ONE S	MASTER/SPECIALTY	Womens	W BAGS	W TOTE LTHR	Madewell	1	198	198	$15.05	Zone 1
J40708261783	40700051876	99107517169	SUEDE SOFT GRAIN SHOPPER., BR0129, ONE S	BR0129	NR388	ONE S	NR388BR0129ONE S	MASTER/SPECIALTY	Womens	W BAGS	W TOTE LTHR	Madewell	1	198	198	$15.05	Zone 1
J40708261783	40700051876	99107884865	SUEDE SOFT GRAIN SHOPPER., GR8470, ONE S	GR8470	NR388	ONE S	NR388GR8470ONE S	MASTER/SPECIALTY	Womens	W BAGS	W TOTE LTHR	Madewell	1	198	198	$15.05	Zone 1
J40708261783	40700051876	99107912194	SLOUCHY SHOULDER BAG JAME, BK5229, ONE S	BK5229	NY140	ONE S	NY140BK5229ONE S	MASTER/SPECIALTY	Womens	W BAGS	W SHOULDER LTHR	Madewell	1	198	198	$15.05	Zone 1
J4070825E5C4	40700051876	99107517169	SUEDE SOFT GRAIN SHOPPER., BR0129, ONE S	BR0129	NR388	ONE S	NR388BR0129ONE S	MASTER/SPECIALTY	Womens	W BAGS	W TOTE LTHR	Madewell	2	198	396	$15.05	Zone 1
J40708261783	40700051876	99107865474	SUEDE SOFT GRAIN SHOPPER., BR5964, ONE S	BR5964	NR388	ONE S	NR388BR5964ONE S	MASTER/SPECIALTY	Womens	W BAGS	W TOTE LTHR	Madewell	2	198	396	$15.05	Zone 1
J40708136213	40700052010	99107160548	ESSENTIALS BUCKET TOTE.., BR6956, ONE S	BR6956	NN396	ONE S	NN396BR6956ONE S	MASTER/SPECIALTY	Womens	W BAGS	W TOTE LTHR	Madewell	1	198	198	$15.05	Zone 1
J40708136213	40700052010	99107720456	DOUBLE-BREASTED CROP BLAZER, WT0152, 14	WT0152	NV041	14	NV041WT015214	MASTER/SPECIALTY	Womens	W OUTERWEAR JACKET	W OUTER BLAZER SOLID	Madewell	1	198	198	$15.05	Zone 1
J40708136213	40700052010	99107944778	TWEED COLLARLESS JACKET, RD0213, S	RD0213	NY407	S	NY407RD0213S	MASTER/SPECIALTY	Womens	W OUTERWEAR JACKET	W OUTER JCKT NOVELTY	Madewell	1	198	198	$15.05	Zone 1
J40708330A56	40700052010	99107454080	SUEDE ESSENTIALS BUCKET T,BR0129,ONE S	BR0129	NM988	ONE S	NM988BR0129ONE S	MASTER/SPECIALTY	Womens	W BAGS	W TOTE LTHR	Madewell	1	198	198	$15.05	Zone 1
J40708330A56	40700052010	99107517169	SUEDE SOFT GRAIN SHOPPER., BR0129, ONE S	BR0129	NR388	ONE S	NR388BR0129ONE S	MASTER/SPECIALTY	Womens	W BAGS	W TOTE LTHR	Madewell	1	198	198	$15.05	Zone 1
J407083462D5	40700052010	99107456391	SUEDE ESSENTIALS CURVE SH, BR5964, ONE S	BR5964	NR387	ONE S	NR387BR5964ONE S	MASTER/SPECIALTY	Womens	W BAGS	W TOTE LTHR	Madewell	1	198	198	$15.05	Zone 1
J407083462D5	40700052010	99107944778	TWEED COLLARLESS JACKET, RD0213, S	RD0213	NY407	S	NY407RD0213S	MASTER/SPECIALTY	Womens	W OUTERWEAR JACKET	W OUTER JCKT NOVELTY	Madewell	1	198	198	$15.05	Zone 1
J40708136213	40700052010	99107160546	ESSENTIALS BUCKET TOTE.., BR6399, ONE S	BR6399	NN396	ONE S	NN396BR6399ONE S	MASTER/SPECIALTY	Womens	W BAGS	W TOTE LTHR	Madewell	2	198	396	$15.05	Zone 1
J4070832722E	40700052010	99107160546	ESSENTIALS BUCKET TOTE.., BR6399, ONE S	BR6399	NN396	ONE S	NN396BR6399ONE S	MASTER/SPECIALTY	Womens	W BAGS	W TOTE LTHR	Madewell	2	198	396	$15.05	Zone 1
J40708136213	40700052010	99107348334	TEXTURED COTTON BLAZER, WT0002, 00	WT0002	BY941	0	BY941WT000200	MASTER/SPECIALTY	Womens	W OUTERWEAR JACKET	W OUTER BLAZER NOV	J Crew Factory	1	188	188	$14.35	Zone 1
J40707EBBE22	40700051869	99107815058	DOUBLE-PLEATED TWILL TROUSER, WZ7386, 32	WZ7386	NW543	32	NW543WZ738632	FLAT	Mens	M PANTS	M P TROUSER OTHER	Madewell	1	178	178	$11.87	Zone 2 Pants
J40707EBBE22	40700051869	99107549822	ALEXA CHUNG DREAM (501), DM7922, 25	DM7922	NT139	25	NT139DM792225	FLAT	Womens	W PANTS DENIM	W PANT DEN OTH	Madewell	1	168	168	$11.27	Zone 1 Pants
J40707EBBE22	40700051869	99107809019	YANA DRESS - MID WT POP, BK0070, 8	BK0070	NW050	8	NW050BK00708	FLAT	Womens	W DRESSES	W DRESS WVN CASUAL	Madewell	1	168	168	$11.27	Zone 1
J40708153122	40700051869	99107892993	SUEDE DAKOTA SM SADDLE BA, BR0129, ONE S	BR0129	NU130	ONE S	NU130BR0129ONE S	MASTER/SPECIALTY	Womens	W BAGS	W SHOULDER LTHR	Madewell	1	168	168	$12.95	Zone 1
J4070825E5C4	40700051876	99107883313	THE SCULPTURAL-BUCKLE SHO, RD0162, ONE S	RD0162	NS743	ONE S	NS743RD0162ONE S	MASTER/SPECIALTY	Womens	W BAGS	W SHOULDER LTHR	Madewell	1	168	168	$12.95	Zone 1
J4070825E5C4	40700051876	99107930742	PUFFY BUCKLE SHOULDER SUE, RD0211, ONE S	RD0211	NS887	ONE S	NS887RD0211ONE S	MASTER/SPECIALTY	Womens	W BAGS	W TOTE LTHR	Madewell	1	168	168	$12.95	Zone 1
J40708261783	40700051876	99107573946	PUFFY BUCKLE SHOULDER SUE, BR5964, ONE S	BR5964	NS887	ONE S	NS887BR5964ONE S	MASTER/SPECIALTY	Womens	W BAGS	W TOTE LTHR	Madewell	1	168	168	$12.95	Zone 1
J40708261783	40700051876	99107912187	SOFT GRAIN SM BELTED SATC, BL9072, ONE S	BL9072	NW381	ONE S	NW381BL9072ONE S	MASTER/SPECIALTY	Womens	W BAGS	W CROSSBODY LTHR	Madewell	1	168	168	$12.95	Zone 1
J40708330A56	40700052010	99107912187	SOFT GRAIN SM BELTED SATC, BL9072, ONE S	BL9072	NW381	ONE S	NW381BL9072ONE S	MASTER/SPECIALTY	Womens	W BAGS	W CROSSBODY LTHR	Madewell	1	168	168	$12.95	Zone 1
J40707EBBE22	40700051869	99107799078	CLEO STRAIGHT JEAN IN PLUMVI, DM9427, 25	DM9427	NW257	25	NW257DM942725	FLAT	Womens	W PANTS DENIM	W PANT DEN OTH	Madewell	1	158	158	$10.67	Zone 1 Pants
J40707EBBE22	40700051869	99107799085	CLEO STRAIGHT JEAN IN PLUMVI, DM9427, 32	DM9427	NW257	32	NW257DM942732	FLAT	Womens	W PANTS DENIM	W PANT DEN OTH	Madewell	1	158	158	$10.67	Zone 1 Pants
J40707EBBE22	40700051869	99107799086	CLEO STRAIGHT JEAN IN PLUMVI, DM9427, 33	DM9427	NW257	33	NW257DM942733	FLAT	Womens	W PANTS DENIM	W PANT DEN OTH	Madewell	1	158	158	$10.67	Zone 1 Pants
J40707EBBE22	40700051869	99107800575	LOW SLUNG BAGGY W/ UTIL, DM9128, 26	DM9128	NW275	26	NW275DM912826	FLAT	Womens	W PANTS DENIM	W PANT DEN OTH	Madewell	1	158	158	$10.67	Zone 1 Pants
J40707EBBE22	40700051869	99107875881	MARGOT MIDI DRESS - MID, BR6956, L	BR6956	NX605	L	NX605BR6956L	FLAT	Womens	W DRESSES	W DRESS WVN CASUAL	Madewell	1	158	158	$10.67	Zone 1
J40707EBBE22	40700051869	99107912662	P SMOCKED MIDI SHIRT DR, WX8641, PL	WX8641	CQ019	PL	CQ019WX8641PL	FLAT	Womens	W DRESSES	W DRESS CASUAL WOVEN	J Crew Factory	1	158	158	$10.67	Zone 1
J40708261783	40700051876	99106510634	THE ZIP-TOP TRANSPORT CRO, GR6216, ONE S	GR6216	J1951	ONE S	J1951GR6216ONE S	MASTER/SPECIALTY	Womens	W BAGS	W CROSSBODY LTHR	Madewell	1	158	158	$12.25	Zone 1
J40708261783	40700051876	99107820859	SUEDE E/W SATCHEL SHOUL, BL9072, ONE S	BL9072	NW382	ONE S	NW382BL9072ONE S	MASTER/SPECIALTY	Womens	W BAGS	W SHOULDER LTHR	Madewell	1	158	158	$12.25	Zone 1
J40708261783	40700051876	99107932181	SUEDE SM DAKOTA SADDLE, GR0333, ONE S	GR0333	NY234	ONE S	NY234GR0333ONE S	MASTER/SPECIALTY	Womens	W BAGS	W CROSSBODY LTHR	Madewell	1	158	158	$12.25	Zone 1
J4070832722E	40700052010	99106510634	THE ZIP-TOP TRANSPORT CRO, GR6216, ONE S	GR6216	J1951	ONE S	J1951GR6216ONE S	MASTER/SPECIALTY	Womens	W BAGS	W CROSSBODY LTHR	Madewell	1	158	158	$12.25	Zone 1
J40708330A56	40700052010	99107932181	SUEDE SM DAKOTA SADDLE, GR0333, ONE S	GR0333	NY234	ONE S	NY234GR0333ONE S	MASTER/SPECIALTY	Womens	W BAGS	W CROSSBODY LTHR	Madewell	2	158	316	$12.25	Zone 1
J40707EBBE22	40700051869	99107647952	THE 1991 STRAIGHT-LEG JEA, DM4877, 31/30	DM4877	NT822	31/30	NT822DM487731/30	FLAT	Mens	M DENIM	M DNM STRT STR	Madewell	1	148	148	$10.07	Zone 2 Pants
J40707EBBE22	40700051869	99107798176	BALLOON JEAN IN BLACK FROST, BK5217, 27	BK5217	NW241	27	NW241BK521727	FLAT	Womens	W PANTS DENIM	W PANT DEN OTH	Madewell	1	148	148	$10.07	Zone 1 Pants
J40707EBBE22	40700051869	99107798410	SH BALLOON JEAN IN DOBBINS, DM7746, P31	DM7746	NW576	P31	NW576DM7746P31	FLAT	Womens	W PANTS DENIM	W PANT DEN OTH	Madewell	1	148	148	$10.07	Zone 1 Pants
J40707EBBE22	40700051869	99107806157	FLARED WIDE LEG IN GMT, BR8772, 25	BR8772	NW267	25	NW267BR877225	FLAT	Womens	W PANTS DENIM	W PANT DEN OTH	Madewell	1	148	148	$10.07	Zone 1 Pants
J40707EBBE22	40700051869	99107806257	SH FLARED WIDE LEG IN K, DM7456, P24	DM7456	NW645	P24	NW645DM7456P24	FLAT	Womens	W PANTS DENIM	W PANT DEN OTH	Madewell	1	148	148	$10.07	Zone 1 Pants
J40707EBBE22	40700051869	99107822970	BALLOONJEAN IN TILE WHITE, DM1626, 28	DM1626	NW244	28	NW244DM162628	FLAT	Womens	W PANTS DENIM	W PANT DEN OTH	Madewell	1	148	148	$10.07	Zone 1 Pants
J40707EBBE22	40700051869	99107822973	BALLOONJEAN IN TILE WHITE, DM1626, 31	DM1626	NW244	31	NW244DM162631	FLAT	Womens	W PANTS DENIM	W PANT DEN OTH	Madewell	1	148	148	$10.07	Zone 1 Pants
J40707F04B08	40700051869	99107694834	LOW-SLUNG BAGGY CROP JEANS I, DM8487, 30	DM8487	NU172	30	NU172DM848730	FLAT	Womens	W PANTS DENIM	W PANT DEN OTH	Madewell	1	148	148	$10.07	Zone 1 Pants
J4070825E5C4	40700051876	99107935484	PLEATED VELVET MIDI - S, WR2082, 6	WR2082	NY249	6	NY249WR20826	MASTER/SPECIALTY	Womens	W SKIRTS	W SKIRT N DENIM MIDI	Madewell	1	148	148	$11.55	Zone 1 Pants
J40707F0E496	40700051869	99107759723	MIDI ALINE SCOOP NECK DENIM, DM9127, XL	DM9127	NV348	XL	NV348DM9127XL	FLAT	Womens	MW DENIM DRESSING	DNM DRSNG 1PC DRESS	Madewell	1	148	148	$10.07	Zone 1
J4070825E5C4	40700051876	99107400910	ESSENTIALS SLING CROSSBOD, BR6956, ONE S	BR6956	NQ285	ONE S	NQ285BR6956ONE S	MASTER/SPECIALTY	Womens	W BAGS	W CROSSBODY LTHR	Madewell	1	148	148	$11.55	Zone 1
J4070825E5C4	40700051876	99107930690	MINI E/W SATCHEL SHOULD, RD6166, ONE S	RD6166	NY149	ONE S	NY149RD6166ONE S	MASTER/SPECIALTY	Womens	W BAGS	W SHOULDER LTHR	Madewell	1	148	148	$11.55	Zone 1
J40708136213	40700052010	99107757268	MEDIUM CROSSBODY BAG IN S, NA0242, ONE S	NA0242	NR391	ONE S	NR391NA0242ONE S	MASTER/SPECIALTY	Womens	W BAGS	W CROSSBODY LTHR	Madewell	1	148	148	$11.55	Zone 1
J40707EBBE22	40700051869	99107785133	PERLA SHIRTDRESS MIDI-, WT0005, M	WT0005	NV435	M	NV435WT0005M	FLAT	Womens	W DRESSES	W DRESS WVN CASUAL	Madewell	1	148	148	$10.07	Zone 1
J40708153122	40700051869	99107679606	HANDWOVEN SLING CROSSBODY, EE7184, ONE S	EE7184	NU494		NU494EE7184	MASTER/SPECIALTY	Womens	W BAGS	W CROSSBODY LTHR	Madewell	1	148	148	$11.55	Zone 1
J40707EBBE22	40700051869	99107474203	FULL LENGTH KICK OUT IN DEVI, DM7745, 31	DM7745	NR494	31	NR494DM774531	FLAT	Womens	W PANTS DENIM	W PANT DEN OTH	Madewell	1	138	138	$9.47	Zone 1 Pants
J40707EBBE22	40700051869	99107646698	FLARED WIDE-LEG CROP JEANS I, WT8315, 28	WT8315	NU005	28	NU005WT831528	FLAT	Womens	W PANTS DENIM	W PANT DEN OTH	Madewell	1	138	138	$9.47	Zone 1 Pants
J40707EBBE22	40700051869	99107860444	KICK CROP PULL ON PONTE, BL8133, 6	BL8133	CO032	6	CO032BL81336	FLAT	Womens	W PANTS	W P NON DENIM OTHER	J Crew Factory	1	138	138	$9.47	Zone 2 Pants
J40707EBBE22	40700051869	99107874073	THE WIDE LEG - TWILL, WR2045, 32	WR2045	NX590	32	NX590WR204532	FLAT	Womens	W PANTS NON DENIM	W PANT N DEN STRSTR	Madewell	1	138	138	$9.47	Zone 1 Pants
J40707EBBE22	40700051869	99107910275	THE WIDE LEG - WINNITEX CORD, NA0274, 26	NA0274	NX207	26	NX207NA027426	FLAT	Womens	W PANTS NON DENIM	W PANT N DEN STRSTR	Madewell	1	138	138	$9.47	Zone 1 Pants
J40707EBBE22	40700051869	99107936459	SH FULL LENGTH FLARED WID,BK5201,P24	BK5201	NX240	P24	NX240BK5201P24	FLAT	Womens	W PANTS NON DENIM	W PANT N DEN STRSTR	Madewell	1	138	138	$9.47	Zone 1 Pants
J40708153122	40700051869	99107780760	HR WIDE LEG FULL LENGTH, RD6286, 16	RD6286	CL194	16	CL194RD628616	MASTER/SPECIALTY	Womens	W PANTS	W P N DENIM TROUSER	J Crew Factory	1	138	138	$10.85	Zone 2 Pants
J40708153122	40700051869	99107932198	PLEATED CARREMAN MIDI, WR1608, 0	WR1608	NY246	0	NY246WR16080	MASTER/SPECIALTY	Womens	W SKIRTS	W SKIRT N DENIM MIDI	Madewell	1	138	138	$10.85	Zone 1 Pants
J4070825E5C4	40700051876	99107780702	HR WIDE LEG FULL LENGTH, BK0001, 2	BK0001	CL194	2	CL194BK00012	MASTER/SPECIALTY	Womens	W PANTS	W P N DENIM TROUSER	J Crew Factory	1	138	138	$10.85	Zone 1 Pants
J4070825E5C4	40700051876	99107780706	HR WIDE LEG FULL LENGTH, BK0001, 4	BK0001	CL194	4	CL194BK00014	MASTER/SPECIALTY	Womens	W PANTS	W P N DENIM TROUSER	J Crew Factory	1	138	138	$10.85	Zone 1 Pants
J40708136213	40700052010	99107780697	HR WIDE LEG FULL LENGTH, BK0001, 10	BK0001	CL194	10	CL194BK000110	MASTER/SPECIALTY	Womens	W PANTS	W P N DENIM TROUSER	J Crew Factory	1	138	138	$10.85	Zone 1 Pants
J40708136213	40700052010	99107780701	HR WIDE LEG FULL LENGTH, BK0001, 18	BK0001	CL194	18	CL194BK000118	MASTER/SPECIALTY	Womens	W PANTS	W P N DENIM TROUSER	J Crew Factory	1	138	138	$10.85	Zone 2 Pants
J40708136213	40700052010	99107780702	HR WIDE LEG FULL LENGTH, BK0001, 2	BK0001	CL194	2	CL194BK00012	MASTER/SPECIALTY	Womens	W PANTS	W P N DENIM TROUSER	J Crew Factory	1	138	138	$10.85	Zone 1 Pants
J40707EBBE22	40700051869	99107751716	PEONY DRESS - MID WT P, RD0174, XL	RD0174	NV452	XL	NV452RD0174XL	FLAT	Womens	W DRESSES	W DRESS WVN CASUAL	Madewell	1	138	138	$9.47	Zone 1
J40707EBBE22	40700051869	99107853615	MERINO STRETCH BUTTON L, BR8786, S	BR8786	NW818	S	NW818BR8786S	FLAT	Womens	W SWEATERS	W SW CARD CARDGIAN	Madewell	1	138	138	$9.47	Zone 1
J40708153122	40700051869	99107535584	SOFT GRAIN SM SHOPPER., RD5069, ONE S	RD5069	NP311	ONE S	NP311RD5069ONE S	MASTER/SPECIALTY	Womens	W BAGS	W CROSSBODY LTHR	Madewell	1	138	138	$10.85	Zone 1
J40707EBBE22	40700051869	99107908205	EASY UTILITY SHIRT-JACKET, BL0387, XS	BL0387	NU292	XS	NU292BL0387XS	FLAT	Womens	W OUTERWEAR JACKET	W OUTER JCKT CHORE	Madewell	1	128	128	$8.87	Zone 1
J40707EBBE22	40700051869	99106891326	HW STRAIGHT LEG PANT, BK0001, 18	BK0001	BO899	18	BO899BK000118	FLAT	Womens	W PANTS	W P N DENIM STRAIGHT	J Crew Factory	1	128	128	$8.87	Zone 2 Pants
J40707EBBE22	40700051869	99107119515	THE '90S STRAIGHT JEAN IN BE, DM6212, 27	DM6212	NM186	27	NM186DM621227	FLAT	Womens	W PANTS DENIM	W PANT DEN OTH	Madewell	1	128	128	$8.87	Zone 1 Pants
J40707EBBE22	40700051869	99107786753	LS/PANTS KNIT SLEEP SET,YD1184,S	YD1184	CK478	S	CK478YD1184S	FLAT	Womens	W LOUNGE	W SLEEPWEAR SET	J Crew Factory	1	128	128	$8.87	Zone 1
J40707EBBE22	40700051869	99107787522	WT REFINED PINTUCK PANT, BK0001, T10	BK0001	CM085	T10	CM085BK0001T10	FLAT	Womens	W PANTS	W P N DENIM STRAIGHT	J Crew Factory	1	128	128	$8.87	Zone 1 Pants
J40707EBBE22	40700051869	99107792794	LS CORD UTILITY SHIRT D, GR7223, 12	GR7223	CM993	12	CM993GR722312	FLAT	Womens	W DRESSES	W DRESS CASUAL WOVEN	J Crew Factory	1	128	128	$8.87	Zone 1
J40707EBBE22	40700051869	99107879441	BARREL TROUSER - TENCEL TWIL, BK5229, 12	BK5229	NW171	12	NW171BK522912	FLAT	Womens	W PANTS NON DENIM	W PANT N DEN DRP FX	Madewell	1	128	128	$8.87	Zone 1 Pants
J40708330A56	40700052010	99107782282	GEMMA SKIRT -COMPACT CO, WT0005, 00	WT0005	NV576	0	NV576WT000500	MASTER/SPECIALTY	Womens	W SKIRTS	W SKIRT N DENIM MIDI	Madewell	1	128	128	$10.15	Zone 1 Pants
J40708330A56	40700052010	99107782288	GEMMA SKIRT -COMPACT CO, WT0005, 4	WT0005	NV576	4	NV576WT00054	MASTER/SPECIALTY	Womens	W SKIRTS	W SKIRT N DENIM MIDI	Madewell	1	128	128	$10.15	Zone 1 Pants
J40708153122	40700051869	99107863082	ORGANIC DROP HAND HELD, BL7041, ONE S	BL7041	NW367	ONE S	NW367BL7041ONE S	MASTER/SPECIALTY	Womens	W BAGS	W SHOULDER LTHR	Madewell	1	128	128	$10.15	Zone 1
J40708153122	40700051869	99107930738	THE CAMREN MINI BAG: SUED, BR6956, ONE S	BR6956	NU218	ONE S	NU218BR6956ONE S	MASTER/SPECIALTY	Womens	W BAGS	W SHOULDER LTHR	Madewell	1	128	128	$10.15	Zone 1
J40708136213	40700052010	99107863092	ORGANIC DROP HAND HELD:, BR6598, ONE S	BR6598	NW972	ONE S	NW972BR6598ONE S	MASTER/SPECIALTY	Womens	W BAGS	W SHOULDER LTHR	Madewell	1	128	128	$10.15	Zone 1
J40707EBBE22	40700051869	99107844783	SEMI-SHEER SPLIT-NECK TOP, PP7327, XS	PP7327	NW733	XS	NW733PP7327XS	FLAT	Womens	W SHIRTS	W SHIRTS TOPS LS	Madewell	1	118	118	$8.27	Zone 1
J40707EBBE22	40700051869	99107253147	P LIZZIE WIDE LEG POCKET PA, NA6445, P29	NA6445	BW805	P29	BW805NA6445P29	FLAT	Womens	W PANTS	W P NON DENIM OTHER	J Crew Factory	1	118	118	$8.27	Zone 2 Pants
J40707EBBE22	40700051869	99107839481	MERINO SILK AKILA WIDE, BR8786, S	BR8786	NW806	S	NW806BR8786S	FLAT	Womens	W SWEATERS	W SW CARD CARDGIAN	Madewell	1	118	118	$8.27	Zone 1
J40707EBBE22	40700051869	99107824757	CLEAN MINI SKIRT RINSE WASH, DM9455, 32	DM9455	NW316	32	NW316DM945532	FLAT	Womens	MW DENIM DRESSING	DNM DRSNG SKIRT MINI	Madewell	1	118	118	$8.27	Zone 2 Pants
J40707EBBE22	40700051869	99107692330	DENIM MIDI PENCIL SKIRT IN B, DM8400, 25	DM8400	NU503	25	NU503DM840025	FLAT	Womens	MW DENIM DRESSING	DNM DRSNG SKIRT MIDI	Madewell	1	118	118	$8.27	Zone 2 Pants
J40707EBBE22	40700051869	99107494543	RUFFLE BUTTON DOWN SHIR, YD7077, L	YD7077	CD286	L	CD286YD7077L	FLAT	Womens	W SHIRTS	W SHIRTS BUTTON WASH	J Crew Factory	1	110	110	$7.79	Zone 2
J407080A8FFE	40700051869	99107469001	DELICATE COLLECTION CHU, EB9672, ONE S	EB9672	NR281	ONE S	NR281EB9672ONE S	MASTER/SPECIALTY	Womens	W JEWELRY	W JEWEL EARRING HOOP	Madewell	1	108	108	$8.75	Zone 2
J40707EBBE22	40700051869	99107714644	EMBROIDERED POPLIN BALLOON-S, WT0005, XS	WT0005	NU455	XS	NU455WT0005XS	FLAT	Womens	W SHIRTS	W SHIRTS TOPS LS	Madewell	1	98	98	$7.07	Zone 1
J40707EBBE22	40700051869	99107798287	NEW AIRPLANE CARDIGAN, BK0001, XXS	BK0001	CL515	XXS	CL515BK0001XXS	FLAT	Womens	W KNITS	W KNIT WEEKEND TOPS	J Crew Factory	1	98	98	$7.07	Zone 2
J40707EBBE22	40700051869	99107883001	OXFORD OVERSIZED BUTTON-UP SH, WT0005, S	WT0005	NX630	S	NX630WT0005S	FLAT	Womens	W SHIRTS	W SHIRTS BUTTON LS	Madewell	1	98	98	$7.07	Zone 1
J40708153122	40700051869	99107859925	CLEAN WESTERN BELT: CAB, EE7991, S	EE7991	NW396	S	NW396EE7991S	MASTER/SPECIALTY	Womens	W ACCESSORIES	W BELTS LEATHER	Madewell	1	98	98	$8.05	Zone 1
J40708136213	40700052010	99107859925	CLEAN WESTERN BELT: CAB, EE7991, S	EE7991	NW396	S	NW396EE7991S	MASTER/SPECIALTY	Womens	W ACCESSORIES	W BELTS LEATHER	Madewell	1	98	98	$8.05	Zone 1
J407080A8FFE	40700051869	99107864243	DEMI SKINNY EXTRA LARGE, EB9672, ONE S	EB9672	NW138	ONE S	NW138EB9672ONE S	MASTER/SPECIALTY	Womens	W JEWELRY	W JEWEL EARRING HOOP	Madewell	3	98	294	$8.05	Zone 2
J407080A8FFE	40700051869	99107864245	DEMI SKINNY EXTRA LARGE, EE0514, ONE S	EE0514	NW138	ONE S	NW138EE0514ONE S	MASTER/SPECIALTY	Womens	W JEWELRY	W JEWEL EARRING HOOP	Madewell	3	98	294	$8.05	Zone 2
J40708136213	40700052010	99107864243	DEMI SKINNY EXTRA LARGE, EB9672, ONE S	EB9672	NW138	ONE S	NW138EB9672ONE S	MASTER/SPECIALTY	Womens	W JEWELRY	W JEWEL EARRING HOOP	Madewell	1	98	98	$8.05	Zone 2
J40708136213	40700052010	99107623439	DEMI DAINTY TENNIS NECK, EB9672, ONE S	EB9672	NT434	ONE S	NT434EB9672ONE S	MASTER/SPECIALTY	Womens	W JEWELRY	W JEWEL NCK CHOKER	Madewell	2	98	196	$8.05	Zone 2
J40707EBBE22	40700051869	99106958531	THE MCCARREN HOODIE, NA0078, L	NA0078	NK076	L	NK076NA0078L	FLAT	Mens	M KNITS	M KNT FLEECE HOODIE	Madewell	1	98	98	$7.07	Zone 1
J40707EBBE22	40700051869	99107739615	EMBROIDERED SHIRRED HENLEY TO, BK0070, L	BK0070	NV767	L	NV767BK0070L	FLAT	Womens	W SHIRTS	W SHIRTS TOPS SS	Madewell	1	98	98	$7.07	Zone 1
J40707EBBE22	40700051869	99107881572	BALLOON-SLEEVE TOP, WR2175, L	WR2175	NW721	L	NW721WR2175L	FLAT	Womens	W SHIRTS	W SHIRTS TOPS LS	Madewell	1	98	98	$7.07	Zone 1
J40707EBBE22	40700051869	99107882400	CREWNECK CUTAWAY VEST IN DRA, BK0070, 10	BK0070	NW061	10	NW061BK007010	FLAT	Womens	W SHIRTS	W SHIRTS TOPS SL	Madewell	1	98	98	$7.07	Zone 1
J407080A8FFE	40700051869	99107889003	DEMI BABY SAPPHIRE NECK, EB9672, ONE S	EB9672	NX272	ONE S	NX272EB9672ONE S	MASTER/SPECIALTY	Womens	W JEWELRY	W JEWEL NCK CHOKER	Madewell	1	95	95	$7.84	Zone 2
J40707EBBE22	40700051869	99107431520	NEW CABLE SWEATER VEST, NA6445, M	NA6445	CC115	M	CC115NA6445M	FLAT	Womens	W SWEATERS	W SW NOV PULLOVER	J Crew Factory	1	89.5	89.5	$6.56	Zone 1
J40707EBBE22	40700051869	99107874690	WOVEN MIXY HOLE, BR8791, XL	BR8791	NW966	XL	NW966BR8791XL	FLAT	Womens	W KNITS	W KNIT TOP END USE	Madewell	1	88	88	$6.47	Zone 1
J40707EBBE22	40700051869	99107954694	EASY Y-NECK BUTTON-UP SHIRT I, BL8990, S	BL8990	NY989	S	NY989BL8990S	FLAT	Womens	W SHIRTS	W SHIRTS BUTTON LS	Madewell	1	88	88	$6.47	Zone 1
J40708136213	40700052010	99107835446	FISH CHARM BEADED STATE, EE7744, ONE S	EE7744	NW125	ONE S	NW125EE7744ONE S	MASTER/SPECIALTY	Womens	W JEWELRY	W JEWEL NCK STATEMNT	Madewell	1	88	88	$7.35	Zone 2
J40707EBBE22	40700051869	99107844937	PUFF-SLEEVE BUTTON-UP SHIRT I, WT0005, M	WT0005	NW627	M	NW627WT0005M	FLAT	Womens	W SHIRTS	W SHIRTS BUTTON LS	Madewell	1	88	88	$6.47	Zone 1
J40707EBBE22	40700051869	99107897184	COZY COTTON RIBBED MAB, HT3203, M	HT3203	NW832	M	NW832HT3203M	FLAT	Womens	W SWEATERS	W SW CARD CARDGIAN	Madewell	1	88	88	$6.47	Zone 1
J4070825E5C4	40700051876	99107959296	LEATHER LARGE STUD BELT, BR6956, M	BR6956	NZ159	M	NZ159BR6956M	MASTER/SPECIALTY	Womens	W ACCESSORIES	W BELTS LEATHER	Madewell	1	88	88	$7.35	Zone 1
J40707EBBE22	40700051869	99107841560	THE MCCARREN MIDWEIGHT CREWNE, BR5876, L	BR5876	NK077	L	NK077BR5876L	FLAT	Mens	M KNITS	M KNT FLEECE CREW	Madewell	1	88	88	$6.47	Zone 1
J4070825E5C4	40700051876	99107445672	TRIPLE METAL KEEPER BELT,EE6865,XS	EE6865	NN922	XS	NN922EE6865XS	MASTER/SPECIALTY	Womens	W ACCESSORIES	W BELTS LEATHER	Madewell	1	78	78	$6.65	Zone 1
J4070825E5C4	40700051876	99107938577	WAVE BELT, BR6956, XS	BR6956	NY201	XS	NY201BR6956XS	MASTER/SPECIALTY	Womens	W ACCESSORIES	W BELTS LEATHER	Madewell	1	78	78	$6.65	Zone 1
J4070825E5C4	40700051876	99107944921	ROUND CIRCLE BELT, BR5876, XS	BR5876	NY214	XS	NY214BR5876XS	MASTER/SPECIALTY	Womens	W ACCESSORIES	W BELTS LEATHER	Madewell	1	78	78	$6.65	Zone 1
J40708261783	40700051876	99107445672	TRIPLE METAL KEEPER BELT,EE6865,XS	EE6865	NN922	XS	NN922EE6865XS	MASTER/SPECIALTY	Womens	W ACCESSORIES	W BELTS LEATHER	Madewell	1	78	78	$6.65	Zone 1
J4070825E5C4	40700051876	99107598488	OVAL BUCKLE BELT., BK5229, XS	BK5229	NS965	XS	NS965BK5229XS	MASTER/SPECIALTY	Womens	W ACCESSORIES	W BELTS LEATHER	Madewell	4	78	312	$6.65	Zone 1
J40708136213	40700052010	99107458126	CHUNKY WAIST BELT., BR6956, XS	BR6956	NR624	XS	NR624BR6956XS	MASTER/SPECIALTY	Womens	W ACCESSORIES	W BELTS LEATHER	Madewell	1	78	78	$6.65	Zone 1
J40708136213	40700052010	99107654221	SUEDE SCULPTURAL BUCKLE LEAT, EE7167, XS	EE7167	NU165	XS	NU165EE7167XS	MASTER/SPECIALTY	Womens	W ACCESSORIES	W BELTS LEATHER	Madewell	1	78	78	$6.65	Zone 1
J40708330A56	40700052010	99107598496	OVAL BUCKLE BELT., BR6311, XS	BR6311	NS965	XS	NS965BR6311XS	MASTER/SPECIALTY	Womens	W ACCESSORIES	W BELTS LEATHER	Madewell	1	78	78	$6.65	Zone 1
J407083462D5	40700052010	99107944837	TRIPLE METAL KEEPER BEL, RD6166, XS	RD6166	NY491	XS	NY491RD6166XS	MASTER/SPECIALTY	Womens	W ACCESSORIES	W BELTS LEATHER	Madewell	1	78	78	$6.65	Zone 1
J40708136213	40700052010	99107598488	OVAL BUCKLE BELT., BK5229, XS	BK5229	NS965	XS	NS965BK5229XS	MASTER/SPECIALTY	Womens	W ACCESSORIES	W BELTS LEATHER	Madewell	3	78	234	$6.65	Zone 1
J4070825E5C4	40700051876	99107458124	CHUNKY WAIST BELT., BR6956, S	BR6956	NR624	S	NR624BR6956S	MASTER/SPECIALTY	Womens	W ACCESSORIES	W BELTS LEATHER	Madewell	1	78	78	$6.65	Zone 1
J4070825E5C4	40700051876	99107578295	TRIPLE METAL KEEPER BELT,BR0129,S	BR0129	NN922	S	NN922BR0129S	MASTER/SPECIALTY	Womens	W ACCESSORIES	W BELTS LEATHER	Madewell	1	78	78	$6.65	Zone 1
J4070825E5C4	40700051876	99107895919	SUEDE OVAL BUCKLE BELT, BR0129, S	BR0129	NW392	S	NW392BR0129S	MASTER/SPECIALTY	Womens	W ACCESSORIES	W BELTS LEATHER	Madewell	1	78	78	$6.65	Zone 1
J4070825E5C4	40700051876	99107944835	TRIPLE METAL KEEPER BEL, RD6166, S	RD6166	NY491	S	NY491RD6166S	MASTER/SPECIALTY	Womens	W ACCESSORIES	W BELTS LEATHER	Madewell	1	78	78	$6.65	Zone 1
J40708261783	40700051876	99107228152	TRIPLE METAL KEEPER BEL, BK5229, S	BK5229	NN922	S	NN922BK5229S	MASTER/SPECIALTY	Womens	W ACCESSORIES	W BELTS LEATHER	Madewell	1	78	78	$6.65	Zone 1
J40708261783	40700051876	99107895919	SUEDE OVAL BUCKLE BELT, BR0129, S	BR0129	NW392	S	NW392BR0129S	MASTER/SPECIALTY	Womens	W ACCESSORIES	W BELTS LEATHER	Madewell	1	78	78	$6.65	Zone 1
J4070825E5C4	40700051876	99107598486	OVAL BUCKLE BELT., BK5229, S	BK5229	NS965	S	NS965BK5229S	MASTER/SPECIALTY	Womens	W ACCESSORIES	W BELTS LEATHER	Madewell	4	78	312	$6.65	Zone 1
J40708136213	40700052010	99107228152	TRIPLE METAL KEEPER BEL, BK5229, S	BK5229	NN922	S	NN922BK5229S	MASTER/SPECIALTY	Womens	W ACCESSORIES	W BELTS LEATHER	Madewell	1	78	78	$6.65	Zone 1
J40708136213	40700052010	99107578295	TRIPLE METAL KEEPER BELT,BR0129,S	BR0129	NN922	S	NN922BR0129S	MASTER/SPECIALTY	Womens	W ACCESSORIES	W BELTS LEATHER	Madewell	1	78	78	$6.65	Zone 1
J40708136213	40700052010	99107598494	OVAL BUCKLE BELT., BR6311, S	BR6311	NS965	S	NS965BR6311S	MASTER/SPECIALTY	Womens	W ACCESSORIES	W BELTS LEATHER	Madewell	1	78	78	$6.65	Zone 1
J40708136213	40700052010	99107938575	WAVE BELT, BR6956, S	BR6956	NY201	S	NY201BR6956S	MASTER/SPECIALTY	Womens	W ACCESSORIES	W BELTS LEATHER	Madewell	1	78	78	$6.65	Zone 1
J40708136213	40700052010	99107944810	TRIPLE METAL KEEPER BELT: SUE, GR0333, S	GR0333	NR623	S	NR623GR0333S	MASTER/SPECIALTY	Womens	W ACCESSORIES	W BELTS LEATHER	Madewell	1	78	78	$6.65	Zone 1
J407083462D5	40700052010	99107938567	WAVE BELT, BK5229, S	BK5229	NY201	S	NY201BK5229S	MASTER/SPECIALTY	Womens	W ACCESSORIES	W BELTS LEATHER	Madewell	1	78	78	$6.65	Zone 1
J407083462D5	40700052010	99107944810	TRIPLE METAL KEEPER BELT: SUE, GR0333, S	GR0333	NR623	S	NR623GR0333S	MASTER/SPECIALTY	Womens	W ACCESSORIES	W BELTS LEATHER	Madewell	1	78	78	$6.65	Zone 1
J40708136213	40700052010	99107598486	OVAL BUCKLE BELT., BK5229, S	BK5229	NS965	S	NS965BK5229S	MASTER/SPECIALTY	Womens	W ACCESSORIES	W BELTS LEATHER	Madewell	3	78	234	$6.65	Zone 1
J407080A8FFE	40700051869	99107920111	DEMI TWO TONE CHUNKY HU, EB9672, ONE S	EB9672	NX302	ONE S	NX302EB9672ONE S	MASTER/SPECIALTY	Womens	W JEWELRY	W JEWEL EARRING HOOP	Madewell	1	78	78	$6.65	Zone 2
J40708306E19	40700051876	99107468903	DELICATE COLLECTION CHU, EE0514, ONE S	EE0514	NR279	ONE S	NR279EE0514ONE S	MASTER/SPECIALTY	Womens	W JEWELRY	W JEWEL EARRING HOOP	Madewell	1	78	78	$6.65	Zone 2
J40708306E19	40700051876	99107468901	DELICATE COLLECTION CHU, EB9672, ONE S	EB9672	NR279	ONE S	NR279EB9672ONE S	MASTER/SPECIALTY	Womens	W JEWELRY	W JEWEL EARRING HOOP	Madewell	2	78	156	$6.65	Zone 2
J40708136213	40700052010	99107468903	DELICATE COLLECTION CHU, EE0514, ONE S	EE0514	NR279	ONE S	NR279EE0514ONE S	MASTER/SPECIALTY	Womens	W JEWELRY	W JEWEL EARRING HOOP	Madewell	1	78	78	$6.65	Zone 2
J4070825E5C4	40700051876	99107735145	BRAIDED BELT, BR0129, M-L	BR0129	NU159	M-L	NU159BR0129M-L	MASTER/SPECIALTY	Womens	W ACCESSORIES	W BELTS LEATHER	Madewell	1	78	78	$6.65	Zone 1
J4070825E5C4	40700051876	99107445668	TRIPLE METAL KEEPER BELT,EE6865,M	EE6865	NN922	M	NN922EE6865M	MASTER/SPECIALTY	Womens	W ACCESSORIES	W BELTS LEATHER	Madewell	1	78	78	$6.65	Zone 1
J4070825E5C4	40700051876	99107597711	SCULPTURAL BUCKLE LEATHER BEL, BK5229, M	BK5229	NT809	M	NT809BK5229M	MASTER/SPECIALTY	Womens	W ACCESSORIES	W BELTS LEATHER	Madewell	1	78	78	$6.65	Zone 1
J4070825E5C4	40700051876	99107895917	SUEDE OVAL BUCKLE BELT, BR0129, M	BR0129	NW392	M	NW392BR0129M	MASTER/SPECIALTY	Womens	W ACCESSORIES	W BELTS LEATHER	Madewell	1	78	78	$6.65	Zone 1
J40708261783	40700051876	99107228150	TRIPLE METAL KEEPER BEL, BK5229, M	BK5229	NN922	M	NN922BK5229M	MASTER/SPECIALTY	Womens	W ACCESSORIES	W BELTS LEATHER	Madewell	1	78	78	$6.65	Zone 1
J40708261783	40700051876	99107445668	TRIPLE METAL KEEPER BELT,EE6865,M	EE6865	NN922	M	NN922EE6865M	MASTER/SPECIALTY	Womens	W ACCESSORIES	W BELTS LEATHER	Madewell	1	78	78	$6.65	Zone 1
J40708261783	40700051876	99107598484	OVAL BUCKLE BELT., BK5229, M	BK5229	NS965	M	NS965BK5229M	MASTER/SPECIALTY	Womens	W ACCESSORIES	W BELTS LEATHER	Madewell	1	78	78	$6.65	Zone 1
J40708261783	40700051876	99107850715	INEZ BELT: HAIRCALF, BR6956, M	BR6956	NW395	M	NW395BR6956M	MASTER/SPECIALTY	Womens	W ACCESSORIES	W BELTS LEATHER	Madewell	1	78	78	$6.65	Zone 1
J40708261783	40700051876	99107944833	TRIPLE METAL KEEPER BEL, RD6166, M	RD6166	NY491	M	NY491RD6166M	MASTER/SPECIALTY	Womens	W ACCESSORIES	W BELTS LEATHER	Madewell	1	78	78	$6.65	Zone 1
J40708261783	40700051876	99107944917	ROUND CIRCLE BELT, BR5876, M	BR5876	NY214	M	NY214BR5876M	MASTER/SPECIALTY	Womens	W ACCESSORIES	W BELTS LEATHER	Madewell	1	78	78	$6.65	Zone 1
J4070825E5C4	40700051876	99107578293	TRIPLE METAL KEEPER BELT,BR0129,M	BR0129	NN922	M	NN922BR0129M	MASTER/SPECIALTY	Womens	W ACCESSORIES	W BELTS LEATHER	Madewell	2	78	156	$6.65	Zone 1
J4070825E5C4	40700051876	99107598492	OVAL BUCKLE BELT., BR6311, M	BR6311	NS965	M	NS965BR6311M	MASTER/SPECIALTY	Womens	W ACCESSORIES	W BELTS LEATHER	Madewell	2	78	156	$6.65	Zone 1
J4070825E5C4	40700051876	99107598484	OVAL BUCKLE BELT., BK5229, M	BK5229	NS965	M	NS965BK5229M	MASTER/SPECIALTY	Womens	W ACCESSORIES	W BELTS LEATHER	Madewell	3	78	234	$6.65	Zone 1
J40708136213	40700052010	99107598492	OVAL BUCKLE BELT., BR6311, M	BR6311	NS965	M	NS965BR6311M	MASTER/SPECIALTY	Womens	W ACCESSORIES	W BELTS LEATHER	Madewell	1	78	78	$6.65	Zone 1
J40708136213	40700052010	99107598484	OVAL BUCKLE BELT., BK5229, M	BK5229	NS965	M	NS965BK5229M	MASTER/SPECIALTY	Womens	W ACCESSORIES	W BELTS LEATHER	Madewell	2	78	156	$6.65	Zone 1
J4070825E5C4	40700051876	99107228149	TRIPLE METAL KEEPER BELT	BK5229	NN922	L	NN922BK5229L	MASTER/SPECIALTY	Womens	W ACCESSORIES	W BELTS LEATHER	Madewell	1	78	78	$6.65	Zone 1
J40708261783	40700051876	99107922081	SUEDE ELONGATED BUCKLE BELT, BR6311, L	BR6311	NY209	L	NY209BR6311L	MASTER/SPECIALTY	Womens	W ACCESSORIES	W BELTS LEATHER	Madewell	1	78	78	$6.65	Zone 1
J4070825E5C4	40700051876	99107578292	TRIPLE METAL KEEPER BELT,BR0129,L	BR0129	NN922	L	NN922BR0129L	MASTER/SPECIALTY	Womens	W ACCESSORIES	W BELTS LEATHER	Madewell	2	78	156	$6.65	Zone 1
J4070825E5C4	40700051876	99107598483	OVAL BUCKLE BELT., BK5229, L	BK5229	NS965	L	NS965BK5229L	MASTER/SPECIALTY	Womens	W ACCESSORIES	W BELTS LEATHER	Madewell	2	78	156	$6.65	Zone 1
J40708136213	40700052010	99107654216	SUEDE SCULPTURAL BUCKLE LEATH, EE7167, L	EE7167	NU165	L	NU165EE7167L	MASTER/SPECIALTY	Womens	W ACCESSORIES	W BELTS LEATHER	Madewell	1	78	78	$6.65	Zone 1
J4070832722E	40700052010	99107445667	TRIPLE METAL KEEPER BELT,EE6865,L	EE6865	NN922	L	NN922EE6865L	MASTER/SPECIALTY	Womens	W ACCESSORIES	W BELTS LEATHER	Madewell	1	78	78	$6.65	Zone 1
J4070825E5C4	40700051876	99107767893	TRIPLE METAL KEEPER BELT, EE6865, 2X	EE6865	NN922	2X	NN922EE68652X	MASTER/SPECIALTY	Womens	W ACCESSORIES	W BELTS LEATHER	Madewell	1	78	78	$6.65	Zone 1
J40707EBBE22	40700051869	99107880299	CAMP LS TOP, NA0274, S	NA0274	NW953	S	NW953NA0274S	FLAT	Womens	W KNITS	W KNIT TOP END USE	Madewell	1	70	70	$5.39	Zone 1
J40707EBBE22	40700051869	99107488978	SHORT SLV CREPE TOP, NA5955, XS	NA5955	CD281	XS	CD281NA5955XS	FLAT	Womens	W SHIRTS	W SHIRTS TOPS SS	J Crew Factory	1	69.5	69.5	$5.36	Zone 2
J40707EBBE22	40700051869	99107454928	GLITTER CAP TOE BALLET, EE6633, K13	EE6633	CB051	K13	CB051EE6633K13	FLAT	Girls	G NON APPAREL	G NA FTW SHOES	J Crew Factory	1	69.5	69.5	$5.36	Zone 2
J4070825E5C4	40700051876	99107867456	SILVIA SKINNY ROUND BUC, BK5229, XS	BK5229	NW407	XS	NW407BK5229XS	MASTER/SPECIALTY	Womens	W ACCESSORIES	W BELTS LEATHER	Madewell	1	68	68	$5.95	Zone 1
J4070825E5C4	40700051876	99107867462	SILVIA SKINNY ROUND BUC, BR8718, S	BR8718	NW407	S	NW407BR8718S	MASTER/SPECIALTY	Womens	W ACCESSORIES	W BELTS LEATHER	Madewell	1	68	68	$5.95	Zone 1
J40708261783	40700051876	99107867462	SILVIA SKINNY ROUND BUC, BR8718, S	BR8718	NW407	S	NW407BR8718S	MASTER/SPECIALTY	Womens	W ACCESSORIES	W BELTS LEATHER	Madewell	1	68	68	$5.95	Zone 1
J407080A8FFE	40700051869	99107609412	DEMI NEW SKINNY MEDIUM, EE0514, ONE S	EE0514	NQ244	ONE S	NQ244EE0514ONE S	MASTER/SPECIALTY	Womens	W JEWELRY	W JEWEL EARRING HOOP	Madewell	1	68	68	$5.95	Zone 2
J407080A8FFE	40700051869	99107568012	NEW DEMI PAVE DOUBLE HU, EB9672, ONE S	EB9672	NR696	ONE S	NR696EB9672ONE S	MASTER/SPECIALTY	Womens	W JEWELRY	W JEWEL EARRING HOOP	Madewell	4	68	272	$5.95	Zone 2
J40708136213	40700052010	99107568012	NEW DEMI PAVE DOUBLE HU, EB9672, ONE S	EB9672	NR696	ONE S	NR696EB9672ONE S	MASTER/SPECIALTY	Womens	W JEWELRY	W JEWEL EARRING HOOP	Madewell	1	68	68	$5.95	Zone 2
J407083462D5	40700052010	99107965062	MEDIUM SILK BANDANA, BA0249, ONE S	BA0249	NS765	ONE S	NS765BA0249ONE S	MASTER/SPECIALTY	Womens	W ACCESSORIES	W SSNL BANDANAS	Madewell	1	68	68	$5.95	Zone 1
J4070825E5C4	40700051876	99107164508	ESSENTIALS BELT, BK5229, L	BK5229	NN405	L	NN405BK5229L	MASTER/SPECIALTY	Womens	W ACCESSORIES	W BELTS LEATHER	Madewell	1	68	68	$5.95	Zone 1
J4070825E5C4	40700051876	99107598516	CLASSIC TWO-PIECE BELT., BR6506, L	BR6506	NS966	L	NS966BR6506L	MASTER/SPECIALTY	Womens	W ACCESSORIES	W BELTS LEATHER	Madewell	1	68	68	$5.95	Zone 1
J4070825E5C4	40700051876	99107921426	MAVERICK BELT,BR6311,40	BR6311	NW027	40	NW027BR631140	MASTER/SPECIALTY	Mens	M ACCESSORIES	M ACC BELTS SEASONAL	Madewell	1	68	68	$5.95	Zone 1
J40708261783	40700051876	99107921423	MAVERICK BELT,BR6311,34	BR6311	NW027	34	NW027BR631134	MASTER/SPECIALTY	Mens	M ACCESSORIES	M ACC BELTS SEASONAL	Madewell	1	68	68	$5.95	Zone 1
J40708136213	40700052010	99107921423	MAVERICK BELT,BR6311,34	BR6311	NW027	34	NW027BR631134	MASTER/SPECIALTY	Mens	M ACCESSORIES	M ACC BELTS SEASONAL	Madewell	1	68	68	$5.95	Zone 1
J4070825E5C4	40700051876	99107921422	MAVERICK BELT,BR6311,32	BR6311	NW027	32	NW027BR631132	MASTER/SPECIALTY	Mens	M ACCESSORIES	M ACC BELTS SEASONAL	Madewell	1	68	68	$5.95	Zone 1
J40708136213	40700052010	99107921421	MAVERICK BELT,BR6311,30	BR6311	NW027	30	NW027BR631130	MASTER/SPECIALTY	Mens	M ACCESSORIES	M ACC BELTS SEASONAL	Madewell	1	68	68	$5.95	Zone 1
J40708136213	40700052010	99107953553	CHESS PIECE PENDANT NEC, EE7744, ONE S	EE7744	NX280	ONE S	NX280EE7744ONE S	MASTER/SPECIALTY	Womens	W JEWELRY	W JEWEL NCK PENDANT	Madewell	1	65	65	$5.74	Zone 2
J40708136213	40700052010	99107381221	THREE PIECE WESTERN BELT., BK5229, M	BK5229	NQ304	M	NQ304BK5229M	MASTER/SPECIALTY	Womens	W ACCESSORIES	W BELTS LEATHER	Madewell	1	65	65	$5.74	Zone 1
J40707EBBE22	40700051869	99104773409	PERFECT LEGGING, BK0001, S	BK0001	H1569	S	H1569BK0001S	FLAT	Womens	W KNITS	W KNIT WEEKEND BTM	J Crew Factory	1	59.5	59.5	$4.76	Zone 2
J40708153122	40700051869	99107142867	LEATHER PASSPORT CASE, EE4975, ONE S	EE4975	BS910	ONE S	BS910EE4975ONE S	MASTER/SPECIALTY	Mens	M ACCESS AND FTWR	M NA ITEMS SLG	J Crew Factory	2	59.5	119	$5.36	Zone 2
J40707EBBE22	40700051869	99107786818	VARIEGATED COTTON CARDI, BR0129, XL	BR0129	NW343	XL	NW343BR0129XL	FLAT	Womens	W KNITS	W KNIT TOP END USE	Madewell	1	58	58	$4.67	Zone 1
J40707EBBE22	40700051869	99107935109	LS PUFF TOP W/ SMOCK SLV, BK0070, XL	BK0070	NW942	XL	NW942BK0070XL	FLAT	Womens	W KNITS	W KNIT TOP END USE	Madewell	1	58	58	$4.67	Zone 1
J407080A8FFE	40700051869	99107072078	MOP MARITIME NECKLACE S, ED0747, ONE S	ED0747	NL488	ONE S	NL488ED0747ONE S	MASTER/SPECIALTY	Womens	W JEWELRY	W JEWEL NCK LAYERING	Madewell	1	58	58	$5.25	Zone 2
J407080A8FFE	40700051869	99107183430	DEMI DOUBLE HOOP HUGGIES, EB9672, ONE S	EB9672	NN322	ONE S	NN322EB9672ONE S	MASTER/SPECIALTY	Womens	W JEWELRY	W JEWEL EARRING HOOP	Madewell	1	58	58	$5.25	Zone 2
J407080A8FFE	40700051869	99107751462	DEMI DOUBLE HOOP HUGGIES, EE0438, ONE S	EE0438	NN322	ONE S	NN322EE0438ONE S	MASTER/SPECIALTY	Womens	W JEWELRY	W JEWEL EARRING HOOP	Madewell	1	58	58	$5.25	Zone 2
J407080A8FFE	40700051869	99107943077	EXTRA LARGE CHUNKY HOOP, EE4961, ONE S	EE4961	NX286	ONE S	NX286EE4961ONE S	MASTER/SPECIALTY	Womens	W JEWELRY	W JEWEL EARRING HOOP	Madewell	1	58	58	$5.25	Zone 2
J407080A8FFE	40700051869	99107930596	CHINTZ FLORAL CHANDELLI, EE7744, ONE S	EE7744	NX297	ONE S	NX297EE7744ONE S	MASTER/SPECIALTY	Womens	W JEWELRY	W JEWEL EAR STATEMNT	Madewell	2	58	116	$5.25	Zone 2
J407080A8FFE	40700051869	99107953558	HINGE CUFF, EE7744, ONE S	EE7744	NX284	ONE S	NX284EE7744ONE S	MASTER/SPECIALTY	Womens	W JEWELRY	W JEWEL BRCLT BANGLE	Madewell	2	58	116	$5.25	Zone 2
J407080A8FFE	40700051869	99107744199	DEMI TWIST HUGGIE, EB9672, ONE S	EB9672	NU947	ONE S	NU947EB9672ONE S	MASTER/SPECIALTY	Womens	W JEWELRY	W JEWEL EARRING HOOP	Madewell	3	58	174	$5.25	Zone 2
J40708136213	40700052010	99107072078	MOP MARITIME NECKLACE S, ED0747, ONE S	ED0747	NL488	ONE S	NL488ED0747ONE S	MASTER/SPECIALTY	Womens	W JEWELRY	W JEWEL NCK LAYERING	Madewell	1	58	58	$5.25	Zone 2
J40708136213	40700052010	99107894697	STONE INLAY EARRING, EE8398, ONE S	EE8398	NX263	ONE S	NX263EE8398ONE S	MASTER/SPECIALTY	Womens	W JEWELRY	W JEWEL EARRING HOOP	Madewell	1	58	58	$5.25	Zone 2
J40708136213	40700052010	99107943077	EXTRA LARGE CHUNKY HOOP, EE4961, ONE S	EE4961	NX286	ONE S	NX286EE4961ONE S	MASTER/SPECIALTY	Womens	W JEWELRY	W JEWEL EARRING HOOP	Madewell	1	58	58	$5.25	Zone 2
J40708136213	40700052010	99107930596	CHINTZ FLORAL CHANDELLI, EE7744, ONE S	EE7744	NX297	ONE S	NX297EE7744ONE S	MASTER/SPECIALTY	Womens	W JEWELRY	W JEWEL EAR STATEMNT	Madewell	2	58	116	$5.25	Zone 2
J40708136213	40700052010	99107983917	PAVE CARABINER PAPERCLI, EB0034, ONE S	EB0034	NY831	ONE S	NY831EB0034ONE S	MASTER/SPECIALTY	Womens	W JEWELRY	W JEWEL BRCLT SOFT	Madewell	2	58	116	$5.25	Zone 2
J40707EBBE22	40700051869	99107892112	LS PUFF TOP W/ SMOCK SLV, RD0188, L	RD0188	NW942	L	NW942RD0188L	FLAT	Womens	W KNITS	W KNIT TOP END USE	Madewell	1	58	58	$4.67	Zone 1
J4070825E5C4	40700051876	99107152052	CORE CENTERBAR DENIM BE, BR5736, 38	BR5736	NM497	38	NM497BR573638	MASTER/SPECIALTY	Mens	M ACCESSORIES	M ACC BELTS LEATHER	Madewell	1	58	58	$5.25	Zone 1
J4070825E5C4	40700051876	99107152043	CORE CENTERBAR DENIM BE, BK5229, 36	BK5229	NM497	36	NM497BK522936	MASTER/SPECIALTY	Mens	M ACCESSORIES	M ACC BELTS LEATHER	Madewell	1	58	58	$5.25	Zone 1
J40708261783	40700051876	99107152050	CORE CENTERBAR DENIM BE, BR5736, 34	BR5736	NM497	34	NM497BR573634	MASTER/SPECIALTY	Mens	M ACCESSORIES	M ACC BELTS LEATHER	Madewell	1	58	58	$5.25	Zone 1
J407083462D5	40700052010	99107152042	CORE CENTERBAR DENIM BE, BK5229, 34	BK5229	NM497	34	NM497BK522934	MASTER/SPECIALTY	Mens	M ACCESSORIES	M ACC BELTS LEATHER	Madewell	1	58	58	$5.25	Zone 1
J407083462D5	40700052010	99107152050	CORE CENTERBAR DENIM BE, BR5736, 34	BR5736	NM497	34	NM497BR573634	MASTER/SPECIALTY	Mens	M ACCESSORIES	M ACC BELTS LEATHER	Madewell	1	58	58	$5.25	Zone 1
J4070825E5C4	40700051876	99107152041	CORE CENTERBAR DENIM BE, BK5229, 32	BK5229	NM497	32	NM497BK522932	MASTER/SPECIALTY	Mens	M ACCESSORIES	M ACC BELTS LEATHER	Madewell	1	58	58	$5.25	Zone 1
J40708136213	40700052010	99107152049	CORE CENTERBAR DENIM BE, BR5736, 32	BR5736	NM497	32	NM497BR573632	MASTER/SPECIALTY	Mens	M ACCESSORIES	M ACC BELTS LEATHER	Madewell	1	58	58	$5.25	Zone 1
J4070825E5C4	40700051876	99107152040	CORE CENTERBAR DENIM BE, BK5229, 30	BK5229	NM497	30	NM497BK522930	MASTER/SPECIALTY	Mens	M ACCESSORIES	M ACC BELTS LEATHER	Madewell	1	58	58	$5.25	Zone 1
J40707EBBE22	40700051869	99107880187	SLINKY MOCKNECK DRAPED, NA0274, XXS	NA0274	NW948	XXS	NW948NA0274XXS	FLAT	Womens	W KNITS	W KNIT TOP END USE	Madewell	1	55	55	$4.49	Zone 2
J40707F04B08	40700051869	99107799769	ELBOW SLV HENLEY CTN NU, KF9847, XXS	KF9847	NW863	XXS	NW863KF9847XXS	FLAT	Womens	W KNITS	W KNIT TOP END USE	Madewell	1	55	55	$4.49	Zone 2
J407080A8FFE	40700051869	99107894707	STONE INLAY NECKLACE, EE7744, ONE S	EE7744	NX267	ONE S	NX267EE7744ONE S	MASTER/SPECIALTY	Womens	W JEWELRY	W JEWEL NCK CHOKER	Madewell	1	55	55	$5.04	Zone 2
J4070825E5C4	40700051876	99107959456	DAINTY GRADUATED CHAIN, EE7744, ONE S	EE7744	NY814	ONE S	NY814EE7744ONE S	MASTER/SPECIALTY	Womens	W JEWELRY	W JEWEL NCK CHOKER	Madewell	1	55	55	$5.04	Zone 2
J40708136213	40700052010	99107908330	STONE INLAY NECKLACE, EB9930, ONE S	EB9930	NX267	ONE S	NX267EB9930ONE S	MASTER/SPECIALTY	Womens	W JEWELRY	W JEWEL NCK CHOKER	Madewell	1	55	55	$5.04	Zone 2
J40707EBBE22	40700051869	99107880165	SLINKY MOCKNECK DRAPED, BL0448, M	BL0448	NW948	M	NW948BL0448M	FLAT	Womens	W KNITS	W KNIT TOP END USE	Madewell	1	55	55	$4.49	Zone 1
J40708136213	40700052010	99107947795	TRIPLE RECTANGLE DROP S, EC8333, ONE S	EC8333	CQ080	ONE S	CQ080EC8333ONE S	MASTER/SPECIALTY	Womens	W JEWELRY	W JEWEL EAR STATEMNT	J Crew Factory	1	54.5	54.5	$5.01	Zone 2
J40708136213	40700052010	99107774546	WAVY CHUNKY RING PACK, EE5210, 8	EE5210	NU984	8	NU984EE52108	MASTER/SPECIALTY	Womens	W JEWELRY	W JEWEL RNG STACKNG	Madewell	1	54	54	$4.97	Zone 2
J40707EBBE22	40700051869	99107589341	COVERSTITCH LS TEE DRAP, KH0268, XS	KH0268	NT761	XS	NT761KH0268XS	FLAT	Womens	W KNITS	W KNITS OTHER TEES	Madewell	1	52	52	$4.31	Zone 1
J4070825E5C4	40700051876	99107653509	SKINNY ESSENTIALS BELT, BK5229, XS	BK5229	NU155	XS	NU155BK5229XS	MASTER/SPECIALTY	Womens	W ACCESSORIES	W BELTS LEATHER	Madewell	1	52	52	$4.83	Zone 1
J40707EBBE22	40700051869	99107962309	SCOOP NECK PUFF TEE, BK0070, S	BK0070	NW199	S	NW199BK0070S	FLAT	Womens	W KNITS	W KNIT TOP END USE	Madewell	1	52	52	$4.31	Zone 1
J4070825E5C4	40700051876	99107152018	NARROW LEATHER BELT (UP, BK5209, 36	BK5209	NM496	36	NM496BK520936	MASTER/SPECIALTY	Mens	M ACCESSORIES	M ACC BELTS LEATHER	Madewell	1	52	52	$4.83	Zone 1
J4070825E5C4	40700051876	99107152017	NARROW LEATHER BELT (UP, BK5209, 34	BK5209	NM496	34	NM496BK520934	MASTER/SPECIALTY	Mens	M ACCESSORIES	M ACC BELTS LEATHER	Madewell	1	52	52	$4.83	Zone 1
J4070825E5C4	40700051876	99107152024	NARROW LEATHER BELT (UP, BR6209, 32	BR6209	NM496	32	NM496BR620932	MASTER/SPECIALTY	Mens	M ACCESSORIES	M ACC BELTS LEATHER	Madewell	1	52	52	$4.83	Zone 1
J4070825E5C4	40700051876	99107152023	NARROW LEATHER BELT (UP, BR6209, 30	BR6209	NM496	30	NM496BR620930	MASTER/SPECIALTY	Mens	M ACCESSORIES	M ACC BELTS LEATHER	Madewell	1	52	52	$4.83	Zone 1
J40707EBBE22	40700051869	99107738447	COLORBLOCK TWILL BASEBALL,EE7734,ONE S	EE7734	BS940	ONE S	BS940EE7734ONE S	FLAT	Mens	M ACCESS AND FTWR	M NA SEASONAL HATS	J Crew Factory	1	49.5	49.5	$4.16	Zone 2
J407080A8FFE	40700051869	99107951579	KAVI BOW DROP EARRINGS, EC8333, ONE S	EC8333	CQ355	ONE S	CQ355EC8333ONE S	MASTER/SPECIALTY	Womens	W JEWELRY	W JEWEL EAR STATEMNT	J Crew	1	49.5	49.5	$4.66	Zone 2
J407080A8FFE	40700051869	99107774243	PEBBLE PUFFY EXTRA LARG, EF9366, ONE S	EF9366	NV030	ONE S	NV030EF9366ONE S	MASTER/SPECIALTY	Womens	W JEWELRY	W JEWEL EARRING HOOP	Madewell	1	48	48	$4.55	Zone 2
J407080A8FFE	40700051869	99106868339	DEMI MINI CARABINER., EB9672, ONE S	EB9672	NI787	ONE S	NI787EB9672ONE S	MASTER/SPECIALTY	Womens	W JEWELRY	W JEWEL EARRING HOOP	Madewell	2	48	96	$4.55	Zone 2
J407080A8FFE	40700051869	99106868341	DEMI MINI CARABINER., EE0514, ONE S	EE0514	NI787	ONE S	NI787EE0514ONE S	MASTER/SPECIALTY	Womens	W JEWELRY	W JEWEL EARRING HOOP	Madewell	2	48	96	$4.55	Zone 2
J40708261783	40700051876	99107952611	TRIPLE RING HUGGIE, EE0428, ONE S	EE0428	NX307	ONE S	NX307EE0428ONE S	MASTER/SPECIALTY	Womens	W JEWELRY	W JEWEL EARRING HOOP	Madewell	1	48	48	$4.55	Zone 2
J4070825E5C4	40700051876	99107952611	TRIPLE RING HUGGIE, EE0428, ONE S	EE0428	NX307	ONE S	NX307EE0428ONE S	MASTER/SPECIALTY	Womens	W JEWELRY	W JEWEL EARRING HOOP	Madewell	2	48	96	$4.55	Zone 2
J40708306E19	40700051876	99107900670	PEARL BARBELL EARRING, EE5210, ONE S	EE5210	NX293	ONE S	NX293EE5210ONE S	MASTER/SPECIALTY	Womens	W JEWELRY	W JEWEL EAR STATEMNT	Madewell	2	48	96	$4.55	Zone 2
J40708306E19	40700051876	99107952611	TRIPLE RING HUGGIE, EE0428, ONE S	EE0428	NX307	ONE S	NX307EE0428ONE S	MASTER/SPECIALTY	Womens	W JEWELRY	W JEWEL EARRING HOOP	Madewell	2	48	96	$4.55	Zone 2
J40708136213	40700052010	99107993197	CHUNKY OVAL LINK BRACEL, EB3349, ONE S	EB3349	NY942	ONE S	NY942EB3349ONE S	MASTER/SPECIALTY	Womens	W JEWELRY	W JEWEL BRCLT SOFT	Madewell	1	48	48	$4.55	Zone 2
J40708306E19	40700051876	99107827786	CHUNKY TWO TONE TRIPLE, EE5210, 9	EE5210	NW112	9	NW112EE52109	MASTER/SPECIALTY	Womens	W JEWELRY	W JEWEL RNG SINGLE	Madewell	3	48	144	$4.55	Zone 2
J40708136213	40700052010	99107945424	CHUNKY STONE SIGNET RING, EB9930, 5	EB9930	NX285	5	NX285EB99305	MASTER/SPECIALTY	Womens	W JEWELRY	W JEWEL RNG SINGLE	Madewell	1	48	48	$4.55	Zone 2
J40707F0E496	40700051869	99107855373	RIBBED SS CREWNECK TEE, WT0005, XS	WT0005	NW939	XS	NW939WT0005XS	FLAT	Womens	W KNITS	W KNIT BSC TEES BTTR	Madewell	1	45	45	$3.89	Zone 1
J40707F0E496	40700051869	99107827969	LACE TANK, NA0274, XL	NA0274	NW944	XL	NW944NA0274XL	FLAT	Womens	W KNITS	W KNITS OTHER TEES	Madewell	1	45	45	$3.89	Zone 1
J4070825E5C4	40700051876	99107921378	HALF AND HALF DONUT HOOPS, EE0428, ONE S	EE0428	NT477	ONE S	NT477EE0428ONE S	MASTER/SPECIALTY	Womens	W JEWELRY	W JEWEL EARRING HOOP	Madewell	1	45	45	$4.34	Zone 2
J40708306E19	40700051876	99107775242	DEMI HEART CRYSTAL STUD, EB9672, ONE S	EB9672	NV015	ONE S	NV015EB9672ONE S	MASTER/SPECIALTY	Womens	W JEWELRY	W JEWEL EARRING HOOP	Madewell	1	45	45	$4.34	Zone 2
J40708306E19	40700051876	99107892810	DAINTY CARABINER NECKLA, EE5210, ONE S	EE5210	NX257	ONE S	NX257EE5210ONE S	MASTER/SPECIALTY	Womens	W JEWELRY	W JEWEL NCK CHOKER	Madewell	2	45	90	$4.34	Zone 2
J4070825E5C4	40700051876	99107959478	STUDDED CIRCLE RING, EE7744, 7	EE7744	NY828	7	NY828EE77447	MASTER/SPECIALTY	Womens	W JEWELRY	W JEWEL RNG STATEMNT	Madewell	1	45	45	$4.34	Zone 2
J4070825E5C4	40700051876	99107963920	CHUBBY LINK CHAIN STATE, EE8396, ONE S	EE8396	CS022	ONE S	CS022EE8396ONE S	MASTER/SPECIALTY	Womens	W JEWELRY	W JEWEL EAR STATEMNT	J Crew Factory	1	44.5	44.5	$4.31	Zone 2
J40708306E19	40700051876	99107545862	GAME DAY STUD EARRING PAC,EE0719,ONE S	EE0719	CC852	ONE S	CC852EE0719ONE S	MASTER/SPECIALTY	Womens	W JEWELRY	W JEWEL EARRING STUD	J Crew	1	44.5	44.5	$4.31	Zone 2
J40708136213	40700052010	99107525073	METALLIC BOW EARRINGS, EC7246, ONE S	EC7246	CE333	ONE S	CE333EC7246ONE S	MASTER/SPECIALTY	Womens	W JEWELRY	W JEWEL EAR STATEMNT	J Crew Factory	1	44.5	44.5	$4.31	Zone 2
J407080A8FFE	40700051869	99107340302	DAINTY TRIPLE HOOP SET., GY6372, ONE S	GY6372	BL542	ONE S	BL542GY6372ONE S	MASTER/SPECIALTY	Womens	W JEWELRY	W JEWEL EARRING HOOP	J Crew	1	39.5	39.5	$3.96	Zone 2
J4070825E5C4	40700051876	99107566934	FLEECE TIGHTS, BK0001, XS	BK0001	CD816	XS	CD816BK0001XS	MASTER/SPECIALTY	Womens	W ACCESSORIES	W SOCKS HOSIERY	J Crew Factory	1	39.5	39.5	$3.96	Zone 2
J4070825E5C4	40700051876	99107888883	MESH RING SET, EE8396, 8	EE8396	CN989	8	CN989EE83968	MASTER/SPECIALTY	Womens	W JEWELRY	W JEWEL OTHER RING	J Crew Factory	1	39.5	39.5	$3.96	Zone 2
J4070825E5C4	40700051876	99107927296	DOG WITH WINTER OUTFIT, EE4392, ONE S	EE4392	CO683	ONE S	CO683EE4392ONE S	MASTER/SPECIALTY	Womens	W ACCESSORIES	W ITM OTHER	J Crew Factory	1	39.5	39.5	$3.96	Zone 2
J4070825E5C4	40700051876	99107927306	NUTCRACKER MOUSE ORNAME, EE4392, ONE S	EE4392	CO685	ONE S	CO685EE4392ONE S	MASTER/SPECIALTY	Womens	W ACCESSORIES	W ITM OTHER	J Crew Factory	1	39.5	39.5	$3.96	Zone 2
J4070825E5C4	40700051876	99107947488	BAG CHARM/PHONE WRISTLE, EC0737, ONE S	EC0737	CO626	ONE S	CO626EC0737ONE S	MASTER/SPECIALTY	Womens	W ACCESSORIES	W ITM OTHER	J Crew Factory	1	39.5	39.5	$3.96	Zone 2
J4070825E5C4	40700051876	99107948325	CRYSTAL BOW HAIR BARRET, EC8333, ONE S	EC8333	CO435	ONE S	CO435EC8333ONE S	MASTER/SPECIALTY	Womens	W ACCESSORIES	W ITM HAIR	J Crew Factory	1	39.5	39.5	$3.96	Zone 2
J40708136213	40700052010	99107873743	EMBELLISHED EDGE CLAW C, EC0737, ONE S	EC0737	CL317	ONE S	CL317EC0737ONE S	MASTER/SPECIALTY	Womens	W ACCESSORIES	W ITM HAIR	J Crew Factory	2	39.5	79	$3.96	Zone 2
J4070825E5C4	40700051876	99108015644	SCULPTURAL TEXTURED HOO, EE7744, ONE S	EE7744	NY803	ONE S	NY803EE7744ONE S	MASTER/SPECIALTY	Womens	W JEWELRY	W JEWEL EARRING HOOP	Madewell	1	38	38	$3.85	Zone 2
J40708136213	40700052010	99107925370	BLUE STONE DOUBLE HUGGI, EE7744, ONE S	EE7744	NX299	ONE S	NX299EE7744ONE S	MASTER/SPECIALTY	Womens	W JEWELRY	W JEWEL EARRING HOOP	Madewell	1	38	38	$3.85	Zone 2
J40707EBBE22	40700051869	99107518347	RELAXED SLUB VNECK., BK0070, L	BK0070	NS569	L	NS569BK0070L	FLAT	Womens	W KNITS	W KNIT BSC TEES GOOD	Madewell	1	38	38	$3.47	Zone 2
J40707EBBE22	40700051869	99107677206	SLIM SHRUNKEN TEE, WT0005, XXS	WT0005	NU848	XXS	NU848WT0005XXS	FLAT	Womens	W KNITS	W KNIT BSC TEES GOOD	Madewell	1	35	35	$3.29	Zone 2
J407080A8FFE	40700051869	99107908043	ENGINE TURN HEART CHARM H, EE7744, ONE S	EE7744	NX260	ONE S	NX260EE7744ONE S	MASTER/SPECIALTY	Womens	W JEWELRY	W JEWEL EARRING HOOP	Madewell	1	35	35	$3.64	Zone 2
J40708136213	40700052010	99107908043	ENGINE TURN HEART CHARM H, EE7744, ONE S	EE7744	NX260	ONE S	NX260EE7744ONE S	MASTER/SPECIALTY	Womens	W JEWELRY	W JEWEL EARRING HOOP	Madewell	1	35	35	$3.64	Zone 2
J40707F04B08	40700051869	99107809688	GARMENT-DYED ALLDAY CREWNECK, KH0491, M	KH0491	NM162	M	NM162KH0491M	FLAT	Mens	M KNITS	M KNT SS TEE TEE	Madewell	1	35	35	$3.29	Zone 1
J40708136213	40700052010	99103190340	G HEART LOCKET NECKLACE, YL5596, ONE S	YL5596	6994	ONE S	06994YL5596ONE S	MASTER/SPECIALTY	Girls	G NON APPAREL	G NA ACC JEWELRY	J Crew Factory	1	34.5	34.5	$3.61	Zone 2
J40708136213	40700052010	99107365963	FLOWER PEARL CLAW CLIP, NA6434, ONE S	NA6434	BZ898	ONE S	BZ898NA6434ONE S	MASTER/SPECIALTY	Womens	W ACCESSORIES	W ITM HAIR	J Crew Factory	1	34.5	34.5	$3.61	Zone 2
J40707EBBE22	40700051869	99107859228	LS TURTLENECK - SOLID, WT0002, M	WT0002	CL497	M	CL497WT0002M	FLAT	Girls	G TOPS	G TOPS TEE L S	J Crew Factory	1	29.5	29.5	$2.96	Zone 2
J40707EBBE22	40700051869	99107859230	LS TURTLENECK - SOLID, WT0002, S	WT0002	CL497	S	CL497WT0002S	FLAT	Girls	G TOPS	G TOPS TEE L S	J Crew Factory	1	29.5	29.5	$2.96	Zone 2
J40707EBBE22	40700051869	99107902012	LS TURTLENECK - SOLID,BK0001,M	BK0001	CL497	M	CL497BK0001M	FLAT	Girls	G TOPS	G TOPS TEE L S	J Crew Factory	1	29.5	29.5	$2.96	Zone 2
J40708136213	40700052010	99107959291	KEEPSAKES CLIP CHARMS-, EE7744, ONE S	EE7744	NY789	ONE S	NY789EE7744ONE S	MASTER/SPECIALTY	Womens	W JEWELRY	W JEWEL CHARM SINGLE	Madewell	1	28	28	$3.15	Zone 2
J40708136213	40700052010	99107959318	KEEPSAKES CLIP CHARMS-, EE4818, ONE S	EE4818	NY793	ONE S	NY793EE4818ONE S	MASTER/SPECIALTY	Womens	W JEWELRY	W JEWEL CHARM SINGLE	Madewell	1	28	28	$3.15	Zone 2
J4070825E5C4	40700051876	99107931855	SEMI SHEER TIGHTS, BK0070, S-M	BK0070	NT650	S-M	NT650BK0070S-M	MASTER/SPECIALTY	Womens	W ACCESSORIES	W SOCKS SOCKS	Madewell	1	25	25	$2.94	Zone 2
J4070825E5C4	40700051876	99107931859	SEMI SHEER TIGHTS, BR8786, S-M	BR8786	NT650	S-M	NT650BR8786S-M	MASTER/SPECIALTY	Womens	W ACCESSORIES	W SOCKS SOCKS	Madewell	1	25	25	$2.94	Zone 2
J40708261783	40700051876	99107931855	SEMI SHEER TIGHTS, BK0070, S-M	BK0070	NT650	S-M	NT650BK0070S-M	MASTER/SPECIALTY	Womens	W ACCESSORIES	W SOCKS SOCKS	Madewell	1	25	25	$2.94	Zone 2
J4070825E5C4	40700051876	99107931867	SEMI SHEER TIGHTS, RD5903, S-M	RD5903	NT650	S-M	NT650RD5903S-M	MASTER/SPECIALTY	Womens	W ACCESSORIES	W SOCKS SOCKS	Madewell	2	25	50	$2.94	Zone 2
J40708136213	40700052010	99107931859	SEMI SHEER TIGHTS, BR8786, S-M	BR8786	NT650	S-M	NT650BR8786S-M	MASTER/SPECIALTY	Womens	W ACCESSORIES	W SOCKS SOCKS	Madewell	1	25	25	$2.94	Zone 2
J4070825E5C4	40700051876	99107931852	SEMI SHEER TIGHTS, BK0070, M-L	BK0070	NT650	M-L	NT650BK0070M-L	MASTER/SPECIALTY	Womens	W ACCESSORIES	W SOCKS SOCKS	Madewell	1	25	25	$2.94	Zone 2
J4070825E5C4	40700051876	99107931864	SEMI SHEER TIGHTS, RD5903, M-L	RD5903	NT650	M-L	NT650RD5903M-L	MASTER/SPECIALTY	Womens	W ACCESSORIES	W SOCKS SOCKS	Madewell	1	25	25	$2.94	Zone 2
J4070825E5C4	40700051876	99107931856	SEMI SHEER TIGHTS, BR8786, M-L	BR8786	NT650	M-L	NT650BR8786M-L	MASTER/SPECIALTY	Womens	W ACCESSORIES	W SOCKS SOCKS	Madewell	2	25	50	$2.94	Zone 2
J40708261783	40700051876	99107931864	SEMI SHEER TIGHTS, RD5903, M-L	RD5903	NT650	M-L	NT650RD5903M-L	MASTER/SPECIALTY	Womens	W ACCESSORIES	W SOCKS SOCKS	Madewell	2	25	50	$2.94	Zone 2
J40708136213	40700052010	99107931852	SEMI SHEER TIGHTS, BK0070, M-L	BK0070	NT650	M-L	NT650BK0070M-L	MASTER/SPECIALTY	Womens	W ACCESSORIES	W SOCKS SOCKS	Madewell	1	25	25	$2.94	Zone 2
J40707EBBE22	40700051869	99107668563	JERSEY SCOOP NECK TANK, WT0002, S	WT0002	CF910	S	CF910WT0002S	FLAT	Girls	G TOPS	G TOPS TEE TANK	J Crew Factory	1	19.5	19.5	$2.36	Zone 2
J4070825E5C4	40700051876	99106762765	SOLID NYLON TIGHTS, BK0001, XXSXS	BK0001	BJ680	XXSXS	BJ680BK0001XXSXS	MASTER/SPECIALTY	Girls	G NON APPAREL	G NA ACC HOSIERY	J Crew Factory	1	14.5	14.5	$2.21	Zone 2
J4070825E5C4	40700051876	99106762766	SOLID NYLON TIGHTS, BL8133, M/L	BL8133	BJ680	M/L	BJ680BL8133M/L	MASTER/SPECIALTY	Girls	G NON APPAREL	G NA ACC HOSIERY	J Crew	1	14.5	14.5	$2.21	Zone 2
J4070825E5C4	40700051876	99106762768	SOLID NYLON TIGHTS, BL8133, S	BL8133	BJ680	S	BJ680BL8133S	MASTER/SPECIALTY	Girls	G NON APPAREL	G NA ACC HOSIERY	J Crew	1	14.5	14.5	$2.21	Zone 2
	40700051869 Total													Cost w/ freight	COGS		
	40700051876 Total											Total 	529	 $ 7,617.53 	$14.40		
	40700052010 Total																
	Grand Total																